,êµ¬ë¶„,?‰ê· ,?‰ë…„
2,2012-10-18,275,414
3,2012-10-19,272,405
4,2012-10-22,272,397
5,2012-10-23,271,395
6,2012-10-24,276,389
7,2012-10-25,267,385
8,2012-10-26,267,384
9,2012-10-29,265,374
10,2012-10-30,265,367
11,2012-10-31,257,367
12,2012-11-01,250,368
13,2012-11-02,250,369
14,2012-11-05,253,369
15,2012-11-06,253,371
16,2012-11-07,252,373
17,2012-11-08,265,370
18,2012-11-09,273,367
19,2012-11-12,272,362
20,2012-11-13,272,362
21,2012-11-14,272,365
22,2012-11-15,293,364
23,2012-11-16,323,353
24,2012-11-19,324,344
25,2012-11-20,324,334
26,2012-11-21,325,328
27,2012-11-22,308,333
28,2012-11-23,307,322
29,2012-11-26,307,311
30,2012-11-27,300,303
31,2012-11-28,300,298
32,2012-11-29,297,288
33,2012-11-30,297,285
34,2012-12-03,295,283
35,2012-12-04,295,281
36,2012-12-05,295,277
37,2012-12-06,310,266
38,2012-12-07,310,260
39,2012-12-10,301,258
40,2012-12-11,301,257
41,2012-12-12,301,254
42,2012-12-13,296,250
43,2012-12-14,281,249
44,2012-12-17,310,245
45,2012-12-18,310,243
46,2012-12-20,333,242
47,2012-12-21,333,234
48,2012-12-24,323,230
49,2012-12-26,343,227
50,2012-12-27,359,224
51,2012-12-28,359,222
52,2012-12-31,359,216
53,2013-01-02,330,215
54,2013-01-03,380,215
55,2013-01-04,398,215
56,2013-01-07,398,215
57,2013-01-08,411,217
58,2013-01-09,411,218
59,2013-01-10,403,219
60,2013-01-11,427,220
61,2013-01-14,402,221
62,2013-01-15,402,225
63,2013-01-16,402,224
64,2013-01-17,412,224
65,2013-01-18,401,224
66,2013-01-21,401,223
67,2013-01-22,401,222
68,2013-01-23,401,223
69,2013-01-24,386,223
70,2013-01-25,386,221
71,2013-01-28,386,221
72,2013-01-29,386,217
73,2013-01-30,386,215
74,2013-01-31,410,215
75,2013-02-01,416,218
76,2013-02-04,416,221
77,2013-02-05,416,222
78,2013-02-06,416,222
79,2013-02-07,409,223
80,2013-02-08,409,224
81,2013-02-12,409,223
82,2013-02-13,409,222
83,2013-02-14,406,223
84,2013-02-15,404,222
85,2013-02-18,404,221
86,2013-02-19,404,227
87,2013-02-20,393,230
88,2013-02-21,393,232
89,2013-02-22,393,235
90,2013-02-25,393,238
91,2013-02-26,393,237
92,2013-02-27,404,237
93,2013-02-28,404,237
94,2013-03-04,397,237
95,2013-03-05,397,235
96,2013-03-06,397,237
97,2013-03-07,390,239
98,2013-03-08,359,241
99,2013-03-11,388,240
100,2013-03-12,380,240
101,2013-03-13,377,241
102,2013-03-14,386,242
103,2013-03-15,388,243
104,2013-03-18,388,243
105,2013-03-19,373,244
106,2013-03-20,373,243
107,2013-03-21,385,243
108,2013-03-22,385,243
109,2013-03-25,385,243
110,2013-03-26,385,245
111,2013-03-27,354,247
112,2013-03-28,363,246
113,2013-03-29,363,246
114,2013-04-01,366,247
115,2013-04-02,366,238
116,2013-04-03,416,239
117,2013-04-04,406,241
118,2013-04-05,406,239
119,2013-04-08,406,238
120,2013-04-09,406,239
121,2013-04-10,406,242
122,2013-04-11,388,242
123,2013-04-12,388,244
124,2013-04-15,378,244
125,2013-04-16,428,245
126,2013-04-17,452,244
127,2013-04-18,429,242
128,2013-04-19,429,243
129,2013-04-22,415,243
130,2013-04-23,424,242
131,2013-04-24,424,247
132,2013-04-25,441,259
133,2013-04-26,441,261
134,2013-04-29,431,263
135,2013-04-30,431,265
136,2013-05-02,426,265
137,2013-05-03,426,263
138,2013-05-06,426,265
139,2013-05-07,413,265
140,2013-05-08,406,270
141,2013-05-09,360,275
142,2013-05-10,360,290
143,2013-05-13,371,291
144,2013-05-14,371,295
145,2013-05-15,378,295
146,2013-05-16,378,292
147,2013-05-20,378,291
148,2013-05-21,378,293
149,2013-05-22,372,293
150,2013-05-23,351,293
151,2013-05-24,344,303
152,2013-05-27,340,318
153,2013-05-28,344,317
154,2013-05-29,330,318
155,2013-05-30,320,324
156,2013-05-31,320,325
157,2013-06-03,316,339
158,2013-06-04,316,337
159,2013-06-05,304,339
160,2013-06-07,290,329
161,2013-06-10,276,421
162,2013-06-11,276,403
163,2013-06-12,269,404
164,2013-06-13,258,413
165,2013-06-14,241,391
166,2013-06-17,241,388
167,2013-06-18,241,388
168,2013-06-19,226,387
169,2013-06-20,229,370
170,2013-06-21,229,366
171,2013-06-24,222,363
172,2013-06-25,214,363
173,2013-06-26,222,363
174,2013-06-27,222,369
175,2013-06-28,222,374
176,2013-07-01,228,379
177,2013-07-02,228,389
178,2013-07-03,222,387
179,2013-07-04,195,388
180,2013-07-05,195,395
181,2013-07-08,199,405
182,2013-07-09,199,410
183,2013-07-10,202,412
184,2013-07-11,191,409
185,2013-07-12,181,409
186,2013-07-15,181,401
187,2013-07-16,181,392
188,2013-07-17,181,393
189,2013-07-18,193,397
190,2013-07-19,196,413
191,2013-07-22,192,415
192,2013-07-23,192,415
193,2013-07-24,192,414
194,2013-07-25,187,414
195,2013-07-26,187,416
196,2013-07-29,183,416
197,2013-07-30,183,413
198,2013-07-31,180,409
199,2013-08-01,180,409
200,2013-08-02,180,410
201,2013-08-05,180,410
202,2013-08-06,187,409
203,2013-08-07,187,410
204,2013-08-08,187,410
205,2013-08-09,187,413
206,2013-08-12,187,413
207,2013-08-13,178,410
208,2013-08-14,178,408
209,2013-08-16,185,406
210,2013-08-19,187,408
211,2013-08-20,187,408
212,2013-08-21,190,466
213,2013-08-22,190,468
214,2013-08-23,190,465
215,2013-08-26,202,463
216,2013-08-27,202,459
217,2013-08-28,202,450
218,2013-08-29,202,454
219,2013-08-30,202,456
220,2013-09-02,205,455
221,2013-09-03,205,462
222,2013-09-04,195,466
223,2013-09-05,199,472
224,2013-09-06,199,475
225,2013-09-09,199,470
226,2013-09-10,199,469
227,2013-09-11,199,470
228,2013-09-12,199,470
229,2013-09-13,203,471
230,2013-09-16,203,471
231,2013-09-17,203,466
232,2013-09-23,203,455
233,2013-09-24,203,470
234,2013-09-25,203,464
235,2013-09-26,203,464
236,2013-09-27,199,462
237,2013-09-30,198,473
238,2013-10-01,198,471
239,2013-10-02,196,454
240,2013-10-04,195,450
241,2013-10-07,195,450
242,2013-10-08,200,431
243,2013-10-10,205,430
244,2013-10-11,205,429
245,2013-10-14,212,429
246,2013-10-15,212,426
247,2013-10-16,212,418
248,2013-10-17,216,417
249,2013-10-18,216,419
250,2013-10-21,216,405
251,2013-10-22,216,399
252,2013-10-23,219,396
253,2013-10-24,219,393
254,2013-10-25,219,388
255,2013-10-28,219,383
256,2013-10-29,218,379
257,2013-10-30,218,376
258,2013-10-31,224,371
259,2013-11-01,224,370
260,2013-11-04,224,372
261,2013-11-05,224,376
262,2013-11-06,224,378
263,2013-11-07,224,375
264,2013-11-08,224,374
265,2013-11-11,224,368
266,2013-11-12,224,366
267,2013-11-13,224,364
268,2013-11-14,241,353
269,2013-11-15,241,349
270,2013-11-18,241,333
271,2013-11-19,241,324
272,2013-11-20,241,318
273,2013-11-21,229,309
274,2013-11-22,229,300
275,2013-11-25,230,294
276,2013-11-26,230,285
277,2013-11-27,230,281
278,2013-11-28,217,276
279,2013-11-29,225,274
280,2013-12-02,216,271
281,2013-12-03,216,259
282,2013-12-04,216,255
283,2013-12-05,226,250
284,2013-12-06,216,248
285,2013-12-09,209,247
286,2013-12-10,209,242
287,2013-12-11,212,242
288,2013-12-12,231,240
289,2013-12-13,225,237
290,2013-12-16,227,236
291,2013-12-17,226,231
292,2013-12-18,226,225
293,2013-12-19,241,221
294,2013-12-20,239,217
295,2013-12-23,239,214
296,2013-12-24,239,205
297,2013-12-26,208,205
298,2013-12-27,208,203
299,2013-12-30,204,203
300,2013-12-31,204,204
301,2014-01-02,194,207
302,2014-01-03,210,209
303,2014-01-06,298,210
304,2014-01-07,298,212
305,2014-01-08,294,213
306,2014-01-09,289,216
307,2014-01-10,285,216
308,2014-01-13,296,217
309,2014-01-14,297,218
310,2014-01-15,297,220
311,2014-01-16,307,221
312,2014-01-17,303,221
313,2014-01-20,309,221
314,2014-01-21,309,220
315,2014-01-22,303,218
316,2014-01-23,308,216
317,2014-01-24,314,214
318,2014-01-27,319,214
319,2014-01-28,332,217
320,2014-01-29,328,218
321,2014-02-03,330,220
322,2014-02-04,313,220
323,2014-02-05,307,221
324,2014-02-06,304,222
325,2014-02-07,295,222
326,2014-02-10,317,222
327,2014-02-11,317,223
328,2014-02-12,322,223
329,2014-02-13,322,226
330,2014-02-14,322,227
331,2014-02-17,345,230
332,2014-02-18,345,231
333,2014-02-19,349,232
334,2014-02-20,326,231
335,2014-02-21,296,232
336,2014-02-24,316,232
337,2014-02-25,284,235
338,2014-02-26,284,237
339,2014-02-27,276,237
340,2014-02-28,249,236
341,2014-03-03,267,235
342,2014-03-04,209,234
343,2014-03-05,209,235
344,2014-03-06,197,235
345,2014-03-07,197,238
346,2014-03-10,216,238
347,2014-03-11,233,239
348,2014-03-12,250,239
349,2014-03-13,250,239
350,2014-03-14,256,238
351,2014-03-17,256,238
352,2014-03-18,256,238
353,2014-03-19,256,243
354,2014-03-20,297,243
355,2014-03-21,297,243
356,2014-03-24,297,244
357,2014-03-25,285,245
358,2014-03-26,285,247
359,2014-03-27,299,247
360,2014-03-28,299,247
361,2014-03-31,253,246
362,2014-04-01,253,245
363,2014-04-02,253,244
364,2014-04-03,253,242
365,2014-04-04,253,243
366,2014-04-07,223,243
367,2014-04-08,223,242
368,2014-04-09,223,241
369,2014-04-10,223,240
370,2014-04-11,223,240
371,2014-04-14,249,241
372,2014-04-15,249,243
373,2014-04-16,249,243
374,2014-04-17,233,256
375,2014-04-18,233,259
376,2014-04-21,233,261
377,2014-04-22,233,264
378,2014-04-23,233,267
379,2014-04-24,246,271
380,2014-04-25,246,273
381,2014-04-28,246,275
382,2014-04-29,246,278
383,2014-04-30,246,281
384,2014-05-02,229,287
385,2014-05-07,229,289
386,2014-05-08,229,289
387,2014-05-09,229,290
388,2014-05-12,263,289
389,2014-05-13,263,286
390,2014-05-14,263,284
391,2014-05-15,249,287
392,2014-05-16,249,287
393,2014-05-19,249,287
394,2014-05-20,249,299
395,2014-05-21,249,301
396,2014-05-22,266,300
397,2014-05-23,266,299
398,2014-05-26,200,301
399,2014-05-27,200,304
400,2014-05-28,200,305
401,2014-05-29,200,304
402,2014-05-30,200,326
403,2014-06-02,200,293
404,2014-06-03,200,385
405,2014-06-05,200,395
406,2014-06-09,200,381
407,2014-06-10,200,385
408,2014-06-11,200,378
409,2014-06-12,200,375
410,2014-06-13,253,377
411,2014-06-16,253,380
412,2014-06-17,245,377
413,2014-06-18,245,377
414,2014-06-19,231,360
415,2014-06-20,231,358
416,2014-06-23,231,357
417,2014-06-24,231,355
418,2014-06-25,231,361
419,2014-06-26,225,364
420,2014-06-27,225,365
421,2014-06-30,225,372
422,2014-07-01,222,378
423,2014-07-02,222,382
424,2014-07-03,214,382
425,2014-07-04,212,387
426,2014-07-07,212,387
427,2014-07-08,212,392
428,2014-07-09,212,390
429,2014-07-10,216,389
430,2014-07-11,216,383
431,2014-07-14,216,388
432,2014-07-15,216,401
433,2014-07-16,216,400
434,2014-07-17,216,399
435,2014-07-18,216,397
436,2014-07-21,216,395
437,2014-07-22,216,393
438,2014-07-23,216,394
439,2014-07-24,211,392
440,2014-07-25,214,387
441,2014-07-28,214,386
442,2014-07-29,214,386
443,2014-07-30,214,386
444,2014-07-31,214,385
445,2014-08-04,220,387
446,2014-08-05,220,387
447,2014-08-06,220,388
448,2014-08-07,217,390
449,2014-08-08,217,389
450,2014-08-11,217,388
451,2014-08-12,217,382
452,2014-08-13,217,378
453,2014-08-14,226,373
454,2014-08-18,224,373
455,2014-08-19,224,413
456,2014-08-20,224,441
457,2014-08-21,223,446
458,2014-08-22,223,457
459,2014-08-25,220,460
460,2014-08-26,220,454
461,2014-08-27,220,451
462,2014-08-28,221,454
463,2014-08-29,221,453
464,2014-09-01,221,440
465,2014-09-02,221,442
466,2014-09-03,221,441
467,2014-09-04,225,445
468,2014-09-05,225,448
469,2014-09-11,228,454
470,2014-09-12,228,456
471,2014-09-15,227,457
472,2014-09-17,227,458
473,2014-09-18,221,459
474,2014-09-19,221,460
475,2014-09-22,223,446
476,2014-09-23,223,448
477,2014-09-24,223,448
478,2014-09-25,197,439
479,2014-09-26,197,438
480,2014-09-29,216,460
481,2014-09-30,216,456
482,2014-10-01,216,451
483,2014-10-02,216,447
484,2014-10-06,217,445
485,2014-10-07,217,437
486,2014-10-08,217,434
487,2014-10-10,218,431
488,2014-10-13,218,430
489,2014-10-14,212,430
490,2014-10-15,212,422
491,2014-10-16,213,420
492,2014-10-17,213,420
493,2014-10-20,213,399
494,2014-10-21,213,395
495,2014-10-22,213,390
496,2014-10-23,213,384
497,2014-10-24,213,376
498,2014-10-27,213,374
499,2014-10-28,213,369
500,2014-10-29,213,368
501,2014-10-30,211,370
502,2014-10-31,211,372
503,2014-11-03,211,372
504,2014-11-04,202,371
505,2014-11-05,202,370
506,2014-11-06,208,369
507,2014-11-07,208,359
508,2014-11-10,208,355
509,2014-11-11,208,350
510,2014-11-12,215,349
511,2014-11-13,212,339
512,2014-11-14,215,337
513,2014-11-17,215,331
514,2014-11-18,212,325
515,2014-11-19,212,319
516,2014-11-20,218,323
517,2014-11-21,218,320
518,2014-11-24,216,319
519,2014-11-25,216,315
520,2014-11-26,216,307
521,2014-11-27,249,293
522,2014-11-28,249,290
523,2014-12-02,249,289
524,2014-12-03,249,281
525,2014-12-04,229,278
526,2014-12-05,244,265
527,2014-12-08,261,262
528,2014-12-09,267,258
529,2014-12-10,251,253
530,2014-12-11,240,251
531,2014-12-12,240,246
532,2014-12-15,240,244
533,2014-12-16,235,245
534,2014-12-17,235,243
535,2014-12-18,235,236
536,2014-12-19,235,231
537,2014-12-22,235,230
538,2014-12-23,235,229
539,2014-12-24,235,228
540,2014-12-26,235,227
541,2014-12-29,235,225
542,2014-12-30,235,224
543,2014-12-31,233,223
544,2015-01-02,233,222
545,2015-01-05,207,221
546,2015-01-06,207,222
547,2015-01-07,207,222
548,2015-01-08,213,222
549,2015-01-09,213,222
550,2015-01-12,237,222
551,2015-01-13,237,223
552,2015-01-14,237,224
553,2015-01-15,220,225
554,2015-01-16,216,226
555,2015-01-19,327,227
556,2015-01-20,327,229
557,2015-01-21,327,229
558,2015-01-22,334,229
559,2015-01-23,337,230
560,2015-01-26,337,230
561,2015-01-27,337,228
562,2015-01-28,337,227
563,2015-01-29,321,225
564,2015-01-30,323,224
565,2015-02-02,321,228
566,2015-02-03,331,230
567,2015-02-04,331,232
568,2015-02-05,354,234
569,2015-02-06,344,234
570,2015-02-09,349,233
571,2015-02-10,350,232
572,2015-02-11,350,231
573,2015-02-12,353,232
574,2015-02-13,353,233
575,2015-02-16,366,234
576,2015-02-17,366,236
577,2015-02-23,380,237
578,2015-02-24,380,237
579,2015-02-25,387,237
580,2015-02-26,405,239
581,2015-02-27,405,237
582,2015-03-02,405,236
583,2015-03-03,405,235
584,2015-03-04,405,234
585,2015-03-05,411,235
586,2015-03-06,411,236
587,2015-03-09,413,237
588,2015-03-10,414,240
589,2015-03-11,414,242
590,2015-03-12,356,243
591,2015-03-13,318,241
592,2015-03-16,318,237
593,2015-03-17,321,234
594,2015-03-18,321,233
595,2015-03-19,339,236
596,2015-03-20,339,239
597,2015-03-23,324,239
598,2015-03-24,324,239
599,2015-03-25,329,240
600,2015-03-26,321,240
601,2015-03-27,321,239
602,2015-03-30,314,243
603,2015-03-31,326,242
604,2015-04-01,326,242
605,2015-04-02,354,243
606,2015-04-03,332,244
607,2015-04-06,332,247
608,2015-04-07,332,245
609,2015-04-08,332,243
610,2015-04-09,332,240
611,2015-04-10,332,238
612,2015-04-13,430,232
613,2015-04-14,432,234
614,2015-04-15,432,236
615,2015-04-16,417,239
616,2015-04-17,426,240
617,2015-04-20,439,244
618,2015-04-21,439,245
619,2015-04-22,445,246
620,2015-04-23,428,247
621,2015-04-24,428,248
622,2015-04-27,428,257
623,2015-04-28,428,261
624,2015-04-29,430,265
625,2015-04-30,443,267
626,2015-05-04,425,270
627,2015-05-06,419,276
628,2015-05-07,406,277
629,2015-05-08,406,278
630,2015-05-11,408,280
631,2015-05-12,406,282
632,2015-05-13,421,287
633,2015-05-14,421,289
634,2015-05-15,421,290
635,2015-05-18,417,289
636,2015-05-19,452,289
637,2015-05-20,456,284
638,2015-05-21,455,283
639,2015-05-22,457,285
640,2015-05-26,454,285
641,2015-05-27,450,293
642,2015-05-28,426,296
643,2015-05-29,422,301
644,2015-06-01,410,299
645,2015-06-02,410,298
646,2015-06-03,414,304
647,2015-06-04,390,311
648,2015-06-05,379,308
649,2015-06-08,385,314
650,2015-06-09,385,315
651,2015-06-10,385,375
652,2015-06-11,363,379
653,2015-06-12,350,389
654,2015-06-15,343,394
655,2015-06-16,343,397
656,2015-06-17,343,386
657,2015-06-18,339,382
658,2015-06-19,328,384
659,2015-06-22,321,385
660,2015-06-23,321,382
661,2015-06-24,320,382
662,2015-06-25,307,359
663,2015-06-26,302,359
664,2015-06-29,291,360
665,2015-06-30,291,362
666,2015-07-01,291,370
667,2015-07-02,285,372
668,2015-07-03,275,373
669,2015-07-06,267,403
670,2015-07-07,267,403
671,2015-07-08,267,406
672,2015-07-09,266,405
673,2015-07-10,261,405
674,2015-07-13,261,420
675,2015-07-14,242,419
676,2015-07-15,242,418
677,2015-07-16,231,419
678,2015-07-17,223,421
679,2015-07-20,223,429
680,2015-07-21,223,430
681,2015-07-22,223,431
682,2015-07-23,227,431
683,2015-07-24,229,431
684,2015-07-27,229,428
685,2015-07-28,229,427
686,2015-07-29,232,425
687,2015-07-30,238,424
688,2015-07-31,238,424
689,2015-08-03,238,420
690,2015-08-04,238,419
691,2015-08-05,238,427
692,2015-08-06,238,429
693,2015-08-07,239,410
694,2015-08-10,236,404
695,2015-08-11,236,400
696,2015-08-12,236,398
697,2015-08-13,236,393
698,2015-08-17,236,406
699,2015-08-18,236,399
700,2015-08-19,236,394
701,2015-08-20,236,392
702,2015-08-21,238,415
703,2015-08-24,238,443
704,2015-08-25,238,449
705,2015-08-26,238,458
706,2015-08-27,231,458
707,2015-08-28,231,455
708,2015-08-31,231,455
709,2015-09-01,231,461
710,2015-09-02,231,464
711,2015-09-03,231,454
712,2015-09-04,231,450
713,2015-09-07,231,447
714,2015-09-08,231,449
715,2015-09-09,231,447
716,2015-09-10,231,451
717,2015-09-11,231,453
718,2015-09-14,232,453
719,2015-09-15,232,453
720,2015-09-16,232,454
721,2015-09-17,231,448
722,2015-09-18,231,445
723,2015-09-21,231,444
724,2015-09-22,231,441
725,2015-09-23,231,432
726,2015-09-24,231,440
727,2015-09-25,232,454
728,2015-09-30,232,451
729,2015-10-01,228,446
730,2015-10-02,228,443
731,2015-10-05,228,447
732,2015-10-06,231,434
733,2015-10-07,231,430
734,2015-10-08,225,426
735,2015-10-12,230,425
736,2015-10-13,230,421
737,2015-10-14,230,417
738,2015-10-15,227,415
739,2015-10-16,227,414
740,2015-10-19,229,420
741,2015-10-20,229,414
742,2015-10-21,229,412
743,2015-10-22,231,396
744,2015-10-23,231,393
745,2015-10-26,227,392
746,2015-10-27,231,389
747,2015-10-28,235,388
748,2015-10-29,235,393
749,2015-10-30,235,392
750,2015-11-02,235,395
751,2015-11-03,235,398
752,2015-11-04,235,400
753,2015-11-05,235,402
754,2015-11-06,235,398
755,2015-11-09,235,396
756,2015-11-10,235,393
757,2015-11-11,235,387
758,2015-11-12,231,375
759,2015-11-13,255,372
760,2015-11-16,255,370
761,2015-11-17,255,366
762,2015-11-18,255,360
763,2015-11-19,261,343
764,2015-11-20,261,348
765,2015-11-23,261,345
766,2015-11-24,261,342
767,2015-11-25,261,321
768,2015-11-26,266,317
769,2015-11-27,266,314
770,2015-11-30,266,309
771,2015-12-01,266,302
772,2015-12-02,266,287
773,2015-12-03,276,281
774,2015-12-07,295,277
775,2015-12-08,295,272
776,2015-12-09,295,269
777,2015-12-10,295,258
778,2015-12-11,252,258
779,2015-12-14,252,256
780,2015-12-15,252,255
781,2015-12-16,252,256
782,2015-12-17,252,244
783,2015-12-18,252,242
784,2015-12-21,258,241
785,2015-12-22,258,240
786,2015-12-23,258,239
787,2015-12-24,258,231
788,2015-12-28,258,231
789,2015-12-29,250,230
790,2015-12-30,250,229
791,2015-12-31,250,229
792,2016-01-04,245,226
793,2016-01-05,245,227
794,2016-01-06,245,228
795,2016-01-07,250,228
796,2016-01-08,250,228
797,2016-01-11,250,230
798,2016-01-12,250,231
799,2016-01-13,250,231
800,2016-01-14,246,231
801,2016-01-15,246,233
802,2016-01-18,246,236
803,2016-01-19,246,237
804,2016-01-20,246,237
805,2016-01-21,246,239
806,2016-01-22,246,240
807,2016-01-25,246,239
808,2016-01-26,246,238
809,2016-01-27,246,236
810,2016-01-28,237,234
811,2016-01-29,237,233
812,2016-02-01,237,234
813,2016-02-02,237,236
814,2016-02-03,237,239
815,2016-02-04,237,243
816,2016-02-05,237,246
817,2016-02-11,250,246
818,2016-02-12,250,245
819,2016-02-15,242,244
820,2016-02-16,242,243
821,2016-02-17,242,243
822,2016-02-18,248,243
823,2016-02-19,248,244
824,2016-02-22,424,245
825,2016-02-23,422,247
826,2016-02-24,429,249
827,2016-02-25,426,250
828,2016-02-26,426,251
829,02/29,466,251
830,2016-03-02,467,250
831,2016-03-03,475,250
832,2016-03-04,475,250
833,2016-03-07,449,249
834,2016-03-08,449,251
835,2016-03-09,449,251
836,2016-03-10,466,249
837,2016-03-11,466,245
838,2016-03-14,454,241
839,2016-03-15,454,240
840,2016-03-16,454,240
841,2016-03-17,466,242
842,2016-03-18,466,245
843,2016-03-21,504,246
844,2016-03-22,504,245
845,2016-03-23,504,245
846,2016-03-24,489,244
847,2016-03-25,489,244
848,2016-03-28,489,245
849,2016-03-29,489,247
850,2016-03-30,489,248
851,2016-03-31,489,248
852,2016-04-01,503,251
853,2016-04-04,485,245
854,2016-04-05,485,245
855,2016-04-06,485,245
856,2016-04-07,487,246
857,2016-04-08,487,245
858,2016-04-11,475,243
859,2016-04-12,475,242
860,2016-04-14,469,241
861,2016-04-15,469,241
862,2016-04-18,469,241
863,2016-04-19,469,242
864,2016-04-20,469,243
865,2016-04-21,445,244
866,2016-04-22,445,246
867,2016-04-25,445,247
868,2016-04-26,439,253
869,2016-04-27,439,256
870,2016-04-28,377,259
871,2016-04-29,383,263
872,2016-05-02,384,264
873,2016-05-03,384,271
874,2016-05-04,387,271
875,2016-05-09,396,272
876,2016-05-10,388,272
877,2016-05-11,388,273
878,2016-05-12,390,280
879,2016-05-13,393,280
880,2016-05-16,389,283
881,2016-05-17,389,284
882,2016-05-18,371,284
883,2016-05-19,358,280
884,2016-05-20,358,279
885,2016-05-23,366,276
886,2016-05-24,366,273
887,2016-05-25,366,282
888,2016-05-26,336,283
889,2016-05-27,348,283
890,2016-05-30,348,288
891,2016-05-31,348,285
892,2016-06-01,342,281
893,2016-06-02,325,281
894,2016-06-03,325,284
895,2016-06-07,307,281
896,2016-06-08,318,286
897,2016-06-09,304,263
898,2016-06-10,301,263
899,2016-06-13,297,262
900,2016-06-14,287,344
901,2016-06-15,287,362
902,2016-06-16,285,357
903,2016-06-17,280,348
904,2016-06-20,282,342
905,2016-06-21,282,346
906,2016-06-22,282,349
907,2016-06-23,268,346
908,2016-06-24,262,345
909,2016-06-27,259,329
910,2016-06-28,259,332
911,2016-06-29,257,335
912,2016-06-30,242,336
913,2016-07-01,242,339
914,2016-07-04,244,339
915,2016-07-05,244,344
916,2016-07-06,244,344
917,2016-07-07,224,343
918,2016-07-08,224,360
919,2016-07-11,219,356
920,2016-07-12,218,360
921,2016-07-13,218,363
922,2016-07-14,214,361
923,2016-07-15,214,359
924,2016-07-18,211,358
925,2016-07-19,211,362
926,2016-07-20,211,363
927,2016-07-21,213,366
928,2016-07-22,213,369
929,2016-07-25,217,371
930,2016-07-26,217,370
931,2016-07-27,217,370
932,2016-07-28,212,372
933,2016-07-29,208,383
934,2016-08-01,212,385
935,2016-08-02,212,387
936,2016-08-03,212,387
937,2016-08-04,204,392
938,2016-08-05,204,394
939,2016-08-08,207,410
940,2016-08-09,207,396
941,2016-08-10,207,392
942,2016-08-11,206,388
943,2016-08-12,208,386
944,2016-08-16,215,384
945,2016-08-17,215,391
946,2016-08-18,215,391
947,2016-08-19,214,390
948,2016-08-22,214,390
949,2016-08-23,214,397
950,2016-08-24,214,423
951,2016-08-25,214,434
952,2016-08-26,214,435
953,2016-08-29,214,432
954,2016-08-30,209,429
955,2016-08-31,207,427
956,2016-09-01,208,427
957,2016-09-02,214,433
958,2016-09-05,214,437
959,2016-09-06,214,433
960,2016-09-07,214,427
961,2016-09-08,209,425
962,2016-09-09,209,431
963,2016-09-12,205,428
964,2016-09-13,211,429
965,2016-09-19,211,429
966,2016-09-20,209,431
967,2016-09-21,209,429
968,2016-09-22,212,423
969,2016-09-23,217,418
970,2016-09-26,219,418
971,2016-09-27,219,403
972,2016-09-28,217,407
973,2016-09-29,218,423
974,2016-09-30,217,435
975,2016-10-04,223,432
976,2016-10-05,217,440
977,2016-10-06,218,437
978,2016-10-07,218,435
979,2016-10-10,222,430
980,2016-10-11,222,423
981,2016-10-12,222,422
982,2016-10-13,224,421
983,2016-10-14,228,421
984,2016-10-17,228,420
985,2016-10-18,228,421
986,2016-10-19,228,417
987,2016-10-20,228,405
988,2016-10-21,228,399
989,2016-10-24,228,398
990,2016-10-25,228,396
991,2016-10-26,228,401
992,2016-10-27,228,402
993,2016-10-28,228,400
994,2016-10-31,228,401
995,2016-11-01,228,403
996,2016-11-02,228,403
997,2016-11-03,235,401
998,2016-11-04,235,399
999,2016-11-07,235,398
1000,2016-11-08,235,396
1001,2016-11-09,235,382
1002,2016-11-10,243,380
1003,2016-11-11,243,377
1004,2016-11-14,249,374
1005,2016-11-15,251,369
1006,2016-11-16,252,352
1007,2016-11-17,274,349
1008,2016-11-18,261,354
1009,2016-11-21,261,351
1010,2016-11-22,261,334
1011,2016-11-23,261,326
1012,2016-11-24,273,321
1013,2016-11-25,273,315
1014,2016-11-28,273,311
1015,2016-11-29,273,295
1016,2016-11-30,273,292
1017,2016-12-01,283,288
1018,2016-12-05,283,286
1019,2016-12-06,283,283
1020,2016-12-07,284,274
1021,2016-12-08,283,271
1022,2016-12-09,285,266
1023,2016-12-12,288,261
1024,2016-12-13,288,258
1025,2016-12-14,288,247
1026,2016-12-15,272,243
1027,2016-12-16,272,240
1028,2016-12-19,276,239
1029,2016-12-20,276,237
1030,2016-12-21,276,230
1031,2016-12-22,276,229
1032,2016-12-23,272,228
1033,2016-12-26,272,226
1034,2016-12-27,272,225
1035,2016-12-28,272,222
1036,2016-12-29,323,221
1037,2016-12-30,323,221
1038,2017-01-02,323,221
1039,2017-01-03,464,221
1040,2017-01-04,441,223
1041,2017-01-05,410,223
1042,2017-01-06,410,223
1043,2017-01-09,408,223
1044,2017-01-10,408,223
1045,2017-01-11,408,225
1046,2017-01-12,555,226
1047,2017-01-13,555,225
1048,2017-01-16,555,225
1049,2017-01-17,553,224
1050,2017-01-18,551,223
1051,2017-01-19,551,223
1052,2017-01-20,593,224
1053,2017-01-23,593,225
1054,2017-01-24,593,225
1055,2017-01-25,593,225
1056,2017-01-26,581,226
1057,2017-01-31,581,226
1058,2017-02-01,585,225
1059,2017-02-02,597,226
1060,2017-02-03,597,226
1061,2017-02-06,596,226
1062,2017-02-07,596,226
1063,2017-02-08,596,226
1064,2017-02-09,557,229
1065,2017-02-10,537,228
1066,2017-02-13,537,229
1067,2017-02-14,537,229
1068,2017-02-15,537,228
1069,2017-02-16,486,228
1070,2017-02-17,486,228
1071,2017-02-20,486,229
1072,2017-02-21,506,229
1073,2017-02-22,500,229
1074,2017-02-23,503,229
1075,2017-02-24,503,229
1076,2017-02-27,503,229
1077,2017-02-28,503,229
1078,2017-03-02,503,229
1079,2017-03-03,531,230
1080,2017-03-06,540,230
1081,2017-03-07,540,230
1082,2017-03-08,540,231
1083,2017-03-09,535,231
1084,2017-03-10,535,224
1085,2017-03-13,535,224
1086,2017-03-14,535,223
1087,2017-03-15,525,222
1088,2017-03-16,528,222
1089,2017-03-17,531,224
1090,2017-03-20,521,226
1091,2017-03-21,521,228
1092,2017-03-22,521,228
1093,2017-03-23,521,230
1094,2017-03-24,521,230
1095,2017-03-27,521,251
1096,2017-03-28,528,252
1097,2017-03-29,528,253
1098,2017-03-30,397,253
1099,2017-03-31,397,254
1100,2017-04-03,397,252
1101,2017-04-04,394,250
1102,2017-04-05,394,248
1103,2017-04-06,397,245
1104,2017-04-07,397,242
1105,2017-04-10,408,244
1106,2017-04-11,408,245
1107,2017-04-12,408,247
1108,2017-04-13,410,250
1109,2017-04-14,410,254
1110,2017-04-17,410,254
1111,2017-04-18,410,254
1112,2017-04-19,410,258
1113,2017-04-20,401,262
1114,2017-04-21,415,270
1115,2017-04-24,417,273
1116,2017-04-25,416,275
1117,2017-04-26,415,276
1118,2017-04-27,399,275
1119,2017-04-28,399,276
1120,2017-05-02,399,280
1121,2017-05-04,396,283
1122,2017-05-08,393,286
1123,2017-05-10,375,290
1124,2017-05-11,374,291
1125,2017-05-12,384,288
1126,2017-05-15,381,284
1127,2017-05-16,390,283
1128,2017-05-17,390,279
1129,2017-05-18,389,279
1130,2017-05-19,394,285
1131,2017-05-22,405,287
1132,2017-05-23,405,283
1133,2017-05-24,405,280
1134,2017-05-25,423,279
1135,2017-05-26,415,280
1136,2017-05-29,415,283
1137,2017-05-30,405,286
1138,2017-05-31,402,294
1139,2017-06-01,393,260
1140,2017-06-02,392,260
1141,2017-06-05,388,260
1142,2017-06-07,369,260
1143,2017-06-08,356,267
1144,2017-06-09,356,270
1145,2017-06-12,356,364
1146,2017-06-13,353,356
1147,2017-06-14,352,345
1148,2017-06-15,361,335
1149,2017-06-16,361,336
1150,2017-06-19,353,340
1151,2017-06-20,349,340
1152,2017-06-21,348,338
1153,2017-06-22,281,323
1154,2017-06-23,275,326
1155,2017-06-26,272,328
1156,2017-06-27,272,336
1157,2017-06-28,274,339
1158,2017-06-29,263,339
1159,2017-06-30,243,339
1160,2017-07-03,234,338
1161,2017-07-04,234,337
1162,2017-07-05,251,334
1163,2017-07-06,271,343
1164,2017-07-07,267,348
1165,2017-07-10,267,347
1166,2017-07-11,267,346
1167,2017-07-12,267,326
1168,2017-07-13,271,327
1169,2017-07-14,264,328
1170,2017-07-17,264,330
1171,2017-07-18,264,338
1172,2017-07-19,264,333
1173,2017-07-20,257,340
1174,2017-07-21,257,340
1175,2017-07-24,257,340
1176,2017-07-25,268,348
1177,2017-07-26,268,350
1178,2017-07-27,253,349
1179,2017-07-28,253,360
1180,2017-07-31,253,363
1181,2017-08-01,253,372
1182,2017-08-02,253,372
1183,2017-08-03,261,372
1184,2017-08-04,261,374
1185,2017-08-07,261,418
1186,2017-08-08,263,415
1187,2017-08-09,263,415
1188,2017-08-10,277,420
1189,2017-08-11,280,434
1190,2017-08-14,280,445
1191,2017-08-16,285,446
1192,2017-08-17,285,445
1193,2017-08-18,291,446
1194,2017-08-21,291,441
1195,2017-08-22,291,453
1196,2017-08-23,291,453
1197,2017-08-24,300,455
1198,2017-08-25,303,457
1199,2017-08-28,310,463
1200,2017-08-29,310,471
1201,2017-08-30,310,461
1202,2017-08-31,320,462
1203,2017-09-01,324,462
1204,2017-09-04,324,461
1205,2017-09-05,324,450
1206,2017-09-06,324,447
1207,2017-09-07,324,446
1208,2017-09-08,324,446
1209,2017-09-11,324,444
1210,2017-09-12,324,449
1211,2017-09-13,324,450
1212,2017-09-14,324,459
1213,2017-09-15,324,453
1214,2017-09-18,324,450
1215,2017-09-19,324,438
1216,2017-09-20,324,433
1217,2017-09-21,324,443
1218,2017-09-22,321,448
1219,2017-09-25,325,450
1220,2017-09-26,325,438
1221,2017-09-27,325,437
1222,2017-09-28,325,447
1223,2017-09-29,325,446
1224,2017-10-10,325,446
1225,2017-10-11,325,439
1226,2017-10-12,325,439
1227,2017-10-13,325,434
1228,2017-10-16,325,429
1229,2017-10-17,325,426
1230,2017-10-18,325,411
1231,2017-10-19,334,412
1232,2017-10-20,334,411
1233,2017-10-23,334,404
1234,2017-10-24,334,400
1235,2017-10-25,334,398
1236,2017-10-26,334,396
1237,2017-10-27,334,397
1238,2017-10-30,334,401
1239,2017-10-31,334,402
1240,2017-11-01,337,398
1241,2017-11-02,337,399
1242,2017-11-03,337,399
1243,2017-11-06,337,400
1244,2017-11-07,337,398
1245,2017-11-08,337,397
1246,2017-11-09,331,386
1247,2017-11-10,331,381
1248,2017-11-13,331,376
1249,2017-11-14,331,372
1250,2017-11-15,331,369
1251,2017-11-16,322,353
1252,2017-11-17,322,349
1253,2017-11-20,322,345
1254,2017-11-21,341,341
1255,2017-11-22,341,327
1256,2017-11-23,346,321
1257,2017-11-24,351,312
1258,2017-11-27,351,309
1259,2017-11-28,351,289
1260,2017-11-29,351,284
1261,2017-11-30,350,279
1262,2017-12-04,362,272
1263,2017-12-05,362,267
1264,2017-12-06,362,255
1265,2017-12-07,371,255
1266,2017-12-08,371,256
1267,2017-12-11,380,256
1268,2017-12-12,380,255
1269,2017-12-13,380,248
1270,2017-12-14,363,245
1271,2017-12-15,363,242
1272,2017-12-18,363,240
1273,2017-12-19,363,240
1274,2017-12-20,380,240
1275,2017-12-21,399,236
1276,2017-12-22,399,232
1277,2017-12-26,396,231
1278,2017-12-27,399,229
1279,2017-12-28,387,224
1280,2017-12-29,387,223
1281,2018-01-02,387,222
1282,2018-01-03,390,222
1283,2018-01-04,470,223
1284,2018-01-05,470,223
1285,2018-01-08,461,223
1286,2018-01-09,469,222
1287,2018-01-10,469,222
1288,2018-01-11,469,221
1289,2018-01-12,469,221
1290,2018-01-15,471,221
1291,2018-01-16,474,222
1292,2018-01-17,476,222
1293,2018-01-18,493,221
1294,2018-01-19,499,222
1295,2018-01-22,509,222
1296,2018-01-23,511,223
1297,2018-01-24,516,223
1298,2018-01-25,497,223
1299,2018-01-26,497,224
1300,2018-01-29,497,225
1301,2018-01-30,497,226
1302,2018-01-31,497,226
1303,2018-02-01,503,228
1304,2018-02-02,503,228
1305,2018-02-05,503,229
1306,2018-02-06,503,230
1307,2018-02-07,503,231
1308,2018-02-08,503,232
1309,2018-02-09,504,232
1310,2018-02-12,506,232
1311,2018-02-13,507,233
1312,2018-02-14,510,233
1313,2018-02-19,523,234
1314,2018-02-20,523,235
1315,2018-02-21,523,235
1316,2018-02-22,540,235
1317,2018-02-23,540,235
1318,2018-02-26,540,234
1319,2018-02-27,542,234
1320,2018-02-28,545,235
1321,2018-03-02,548,235
1322,2018-03-05,522,235
1323,2018-03-06,522,234
1324,2018-03-07,523,234
1325,2018-03-08,523,233
1326,2018-03-09,523,233
1327,2018-03-12,530,234
1328,2018-03-13,530,227
1329,2018-03-14,530,227
1330,2018-03-15,540,228
1331,2018-03-16,540,228
1332,2018-03-19,546,227
1333,2018-03-20,546,227
1334,2018-03-21,546,228
1335,2018-03-22,571,229
1336,2018-03-23,586,230
1337,2018-03-26,586,231
1338,2018-03-27,604,233
1339,2018-03-28,610,233
1340,2018-03-29,647,233
1341,2018-03-30,639,231
1342,2018-04-02,637,231
1343,2018-04-03,641,231
1344,2018-04-04,659,232
1345,2018-04-05,709,233
1346,2018-04-06,723,233
1347,2018-04-09,693,234
1348,2018-04-10,703,234
1349,2018-04-11,730,234
1350,2018-04-12,774,233
1351,2018-04-13,781,233
1352,2018-04-16,783,233
1353,2018-04-17,783,233
1354,2018-04-18,783,235
1355,2018-04-19,810,235
1356,2018-04-20,820,236
1357,2018-04-23,820,236
1358,2018-04-24,820,237
1359,2018-04-25,820,241
1360,2018-04-26,810,243
1361,2018-04-27,824,247
1362,2018-04-30,829,251
1363,2018-05-02,814,253
1364,2018-05-03,799,255
1365,2018-05-04,794,254
1366,2018-05-08,784,254
1367,2018-05-09,770,254
1368,2018-05-10,720,255
1369,2018-05-11,734,260
1370,2018-05-14,726,260
1371,2018-05-15,699,261
1372,2018-05-16,687,261
1373,2018-05-17,650,267
1374,2018-05-18,640,268
1375,2018-05-21,640,269
1376,2018-05-23,631,269
1377,2018-05-24,599,270
1378,2018-05-25,599,267
1379,2018-05-28,599,262
1380,2018-05-29,599,264
1381,2018-05-30,599,265
1382,2018-05-31,507,264
1383,2018-06-01,501,268
1384,2018-06-04,496,269
1385,2018-06-05,477,270
1386,2018-06-07,456,275
1387,2018-06-08,454,278
1388,2018-06-11,440,289
1389,2018-06-12,440,291
1390,2018-06-14,395,292
1391,2018-06-15,383,293
1392,2018-06-18,374,262
1393,2018-06-19,370,262
1394,2018-06-20,370,264
1395,2018-06-21,333,348
1396,2018-06-22,333,327
1397,2018-06-25,318,347
1398,2018-06-26,315,341
1399,2018-06-27,313,341
1400,2018-06-28,291,338
1401,2018-06-29,291,377
1402,2018-07-02,284,377
1403,2018-07-03,284,377
1404,2018-07-04,286,367
1405,2018-07-05,275,367
1406,2018-07-06,275,349
1407,2018-07-09,275,348
1408,2018-07-10,275,363
1409,2018-07-11,275,363
1410,2018-07-12,272,364
1411,2018-07-13,272,363
1412,2018-07-16,272,364
1413,2018-07-17,272,364
1414,2018-07-18,275,365
1415,2018-07-19,268,366
1416,2018-07-20,264,373
1417,2018-07-23,264,374
1418,2018-07-24,264,364
1419,2018-07-25,264,372
1420,2018-07-26,265,370
1421,2018-07-27,265,370
1422,2018-07-30,266,373
1423,2018-07-31,266,369
1424,2018-08-01,266,401
1425,2018-08-02,272,398
1426,2018-08-03,272,398
1427,2018-08-06,272,398
1428,2018-08-07,272,399
1429,2018-08-08,280,439
1430,2018-08-09,291,439
1431,2018-08-10,295,441
1432,2018-08-13,295,435
1433,2018-08-14,295,455
1434,2018-08-16,318,454
1435,2018-08-17,318,468
1436,2018-08-20,327,481
1437,2018-08-21,327,488
1438,2018-08-22,327,483
1439,2018-08-23,336,491
1440,2018-08-24,336,490
1441,2018-08-27,336,491
1442,2018-08-28,341,491
1443,2018-08-29,340,503
1444,2018-08-30,346,506
1445,2018-08-31,332,490
1446,2018-09-03,332,489
1447,2018-09-04,332,489
1448,2018-09-05,347,469
1449,2018-09-06,352,465
1450,2018-09-07,355,450
1451,2018-09-10,355,437
1452,2018-09-11,355,432
1453,2018-09-12,349,439
1454,2018-09-13,351,439
1455,2018-09-14,357,440
1456,2018-09-17,357,441
1457,2018-09-18,359,440
1458,2018-09-19,359,429
1459,2018-09-20,359,429
1460,2018-09-21,369,427
1461,2018-09-27,357,440
1462,2018-09-28,356,438
1463,2018-10-01,362,431
1464,2018-10-02,362,430
1465,2018-10-04,362,430
1466,2018-10-05,362,443
1467,2018-10-08,364,440
1468,2018-10-10,364,433
1469,2018-10-11,369,432
1470,2018-10-12,369,431
1471,2018-10-15,369,427
1472,2018-10-16,369,420
1473,2018-10-17,369,411
1474,2018-10-18,369,462
1475,2018-10-19,369,462
1476,2018-10-22,369,455
1477,2018-10-23,369,452
1478,2018-10-24,369,447
1479,2018-10-25,357,445
1480,2018-10-26,368,452
1481,2018-10-29,368,452
1482,2018-10-30,368,454
1483,2018-10-31,368,453
1484,2018-11-01,348,446
1485,2018-11-02,348,448
1486,2018-11-05,348,449
1487,2018-11-06,369,451
1488,2018-11-07,369,451
1489,2018-11-08,379,449
1490,2018-11-09,379,438
1491,2018-11-12,379,434
1492,2018-11-13,379,426
1493,2018-11-14,379,419
1494,2018-11-15,382,413
1495,2018-11-16,384,389
1496,2018-11-19,384,386
1497,2018-11-20,384,382
1498,2018-11-21,384,379
1499,2018-11-22,417,363
1500,2018-11-23,417,357
1501,2018-11-26,417,352
1502,2018-11-27,406,347
1503,2018-11-28,406,344
1504,2018-11-29,413,330
1505,2018-11-30,413,320
1506,2018-12-03,413,313
1507,2018-12-04,415,308
1508,2018-12-05,415,302
1509,2018-12-06,432,285
1510,2018-12-10,437,282
1511,2018-12-11,437,278
1512,2018-12-12,437,275
1513,2018-12-13,450,272
1514,2018-12-14,475,262
1515,2018-12-17,475,259
1516,2018-12-18,452,255
1517,2018-12-19,470,252
1518,2018-12-20,471,251
1519,2018-12-21,447,248
1520,2018-12-24,447,246
1521,2018-12-26,451,245
1522,2018-12-27,430,242
1523,2018-12-28,439,242
1524,2018-12-31,436,240
1525,2019-01-02,466,239
1526,2019-01-03,489,238
1527,2019-01-04,489,236
1528,2019-01-07,491,236
1529,2019-01-08,491,235
1530,2019-01-09,503,235
1531,2019-01-10,507,235
1532,2019-01-11,495,235
1533,2019-01-14,495,234
1534,2019-01-15,495,233
1535,2019-01-16,478,233
1536,2019-01-17,417,235
1537,2019-01-18,433,236
1538,2019-01-21,433,237
1539,2019-01-22,433,239
1540,2019-01-23,417,240
1541,2019-01-24,439,241
1542,2019-01-25,439,243
1543,2019-01-28,453,244
1544,2019-01-29,453,246
1545,2019-01-30,453,248
1546,2019-01-31,473,250
1547,2019-02-01,471,252
1548,2019-02-07,463,256
1549,2019-02-08,463,255
1550,2019-02-11,444,256
1551,2019-02-12,441,257
1552,2019-02-13,441,257
1553,2019-02-14,409,262
1554,2019-02-15,399,261
1555,2019-02-18,399,262
1556,2019-02-19,424,256
1557,2019-02-20,424,257
1558,2019-02-21,453,260
1559,2019-02-22,405,260
1560,2019-02-25,434,261
1561,2019-02-26,434,262
1562,2019-02-27,434,262
1563,2019-02-28,453,259
1564,2019-03-04,449,262
1565,2019-03-05,449,262
1566,2019-03-06,449,263
1567,2019-03-07,439,263
1568,2019-03-08,412,263
1569,2019-03-11,414,262
1570,2019-03-12,419,262
1571,2019-03-13,419,261
1572,2019-03-14,405,257
1573,2019-03-15,395,257
1574,2019-03-18,395,257
1575,2019-03-19,395,257
1576,2019-03-20,405,257
1577,2019-03-21,437,258
1578,2019-03-22,434,262
1579,2019-03-25,434,258
1580,2019-03-26,429,259
1581,2019-03-27,429,259
1582,2019-03-28,450,259
1583,2019-03-29,446,260
1584,2019-04-01,446,262
1585,2019-04-02,446,268
1586,2019-04-03,446,268
1587,2019-04-04,485,268
1588,2019-04-05,482,234
1589,2019-04-08,487,234
1590,2019-04-09,494,235
1591,2019-04-10,494,235
1592,2019-04-11,537,235
1593,2019-04-12,538,235
1594,2019-04-15,524,235
1595,2019-04-16,524,236
1596,2019-04-17,501,237
1597,2019-04-18,458,237
1598,2019-04-19,444,237
1599,2019-04-22,444,238
1600,2019-04-23,444,239
1601,2019-04-24,444,239
1602,2019-04-25,439,239
1603,2019-04-26,422,239
1604,2019-04-29,422,240
1605,2019-04-30,427,245
1606,2019-05-02,421,247
1607,2019-05-03,402,249
1608,2019-05-07,417,251
1609,2019-05-08,417,253
1610,2019-05-09,417,258
1611,2019-05-10,417,258
1612,2019-05-13,412,258
1613,2019-05-14,412,259
1614,2019-05-15,412,260
1615,2019-05-16,418,265
1616,2019-05-17,405,266
1617,2019-05-20,406,266
1618,2019-05-21,406,268
1619,2019-05-22,406,267
1620,2019-05-23,411,270
1621,2019-05-24,411,272
1622,2019-05-27,382,270
1623,2019-05-28,391,270
1624,2019-05-29,387,275
1625,2019-05-30,378,274
1626,2019-05-31,378,271
1627,2019-06-03,359,274
1628,2019-06-04,367,266
1629,2019-06-05,367,266
1630,2019-06-07,326,263
1631,2019-06-10,326,263
1632,2019-06-11,326,304
1633,2019-06-12,326,310
1634,2019-06-13,300,333
1635,2019-06-14,301,333
1636,2019-06-17,300,330
1637,2019-06-18,291,327
1638,2019-06-19,288,325
1639,2019-06-20,271,295
1640,2019-06-21,271,294
1641,2019-06-24,280,293
1642,2019-06-25,268,391
1643,2019-06-26,265,359
1644,2019-06-27,257,369
1645,2019-06-28,257,363
1646,2019-07-01,249,363
1647,2019-07-02,247,376
1648,2019-07-03,247,376
1649,2019-07-04,244,377
1650,2019-07-05,232,378
1651,2019-07-08,235,371
1652,2019-07-09,235,359
1653,2019-07-10,235,360
1654,2019-07-11,232,360
1655,2019-07-12,228,375
1656,2019-07-15,228,375
1657,2019-07-16,228,371
1658,2019-07-17,228,371
1659,2019-07-18,211,371
1660,2019-07-19,211,371
1661,2019-07-22,211,372
1662,2019-07-23,211,368
1663,2019-07-24,211,377
1664,2019-07-25,215,372
1665,2019-07-26,215,376
1666,2019-07-29,224,380
1667,2019-07-30,224,376
1668,2019-07-31,215,375
1669,2019-08-01,211,410
1670,2019-08-02,211,414
1671,2019-08-05,212,410
1672,2019-08-06,212,412
1673,2019-08-07,212,413
1674,2019-08-08,212,478
1675,2019-08-09,212,481
1676,2019-08-12,212,482
1677,2019-08-13,212,486
1678,2019-08-14,212,473
1679,2019-08-16,212,472
1680,2019-08-19,212,473
1681,2019-08-20,202,494
1682,2019-08-21,202,501
1683,2019-08-22,210,495
1684,2019-08-23,208,493
1685,2019-08-26,212,490
1686,2019-08-27,212,487
1687,2019-08-28,212,487
1688,2019-08-29,212,499
1689,2019-08-30,209,514
1690,2019-09-02,209,518
1691,2019-09-03,208,523
1692,2019-09-04,211,524
1693,2019-09-05,208,523
1694,2019-09-06,212,521
1695,2019-09-09,212,523
1696,2019-09-10,212,517
1697,2019-09-11,212,512
1698,2019-09-16,212,495
1699,2019-09-17,212,494
1700,2019-09-18,212,496
1701,2019-09-19,204,499
1702,2019-09-20,204,501
1703,2019-09-23,202,501
1704,2019-09-24,204,499
1705,2019-09-25,204,501
1706,2019-09-26,212,501
1707,2019-09-27,212,504
1708,2019-09-30,211,484
1709,2019-10-01,211,484
1710,2019-10-02,207,486
1711,2019-10-04,202,487
1712,2019-10-07,198,487
1713,2019-10-08,198,490
1714,2019-10-10,207,488
1715,2019-10-11,207,487
1716,2019-10-14,211,486
1717,2019-10-15,211,482
1718,2019-10-16,211,466
1719,2019-10-17,211,462
1720,2019-10-18,211,421
1721,2019-10-21,211,419
1722,2019-10-22,208,417
1723,2019-10-23,208,415
1724,2019-10-24,208,413
1725,2019-10-25,208,413
1726,2019-10-28,208,413
1727,2019-10-29,208,413
1728,2019-10-30,208,414
1729,2019-10-31,208,417
1730,2019-11-01,205,420
1731,2019-11-04,207,423
1732,2019-11-05,207,425
1733,2019-11-06,207,425
1734,2019-11-07,207,423
1735,2019-11-08,207,420
1736,2019-11-11,207,417
1737,2019-11-12,207,411
1738,2019-11-13,207,405
1739,2019-11-14,208,395
1740,2019-11-15,207,390
1741,2019-11-18,207,386
1742,2019-11-19,207,382
1743,2019-11-20,207,377
1744,2019-11-21,212,369
1745,2019-11-22,212,364
1746,2019-11-25,212,359
1747,2019-11-26,212,349
1748,2019-11-27,212,345
1749,2019-11-28,212,334
1750,2019-11-29,212,330
1751,2019-12-02,212,329
1752,2019-12-03,212,326
1753,2019-12-04,212,320
1754,2019-12-05,228,303
1755,2019-12-09,232,296
1756,2019-12-10,232,294
1757,2019-12-11,232,291
1758,2019-12-12,224,287
1759,2019-12-13,229,274
1760,2019-12-16,229,270
1761,2019-12-17,229,266
1762,2019-12-18,229,264
1763,2019-12-19,226,261
1764,2019-12-20,226,255
1765,2019-12-23,227,254
1766,2019-12-24,207,252
1767,2019-12-26,207,250
1768,2019-12-27,207,249
1769,2019-12-30,207,245
1770,2019-12-31,207,244
1771,2020-01-02,198,243
1772,2020-01-03,215,241
1773,2020-01-06,215,239
1774,2020-01-07,215,235
1775,2020-01-08,215,234
1776,2020-01-09,215,235
1777,2020-01-10,198,237
1778,2020-01-13,215,237
1779,2020-01-14,215,238
1780,2020-01-15,215,237
1781,2020-01-16,210,236
1782,2020-01-17,210,236
1783,2020-01-20,238,237
1784,2020-01-21,238,238
1785,2020-01-22,238,239
1786,2020-01-23,238,240
1787,2020-01-28,248,240
1788,2020-01-29,233,241
1789,2020-01-30,233,246
1790,2020-01-31,248,246
1791,2020-02-03,233,246
1792,2020-02-04,233,248
1793,2020-02-05,233,249
1794,2020-02-06,233,255
1795,2020-02-07,233,256
1796,2020-02-10,228,256
1797,2020-02-11,228,256
1798,2020-02-12,228,260
1799,2020-02-13,233,261
1800,2020-02-14,228,263
1801,2020-02-17,233,262
1802,2020-02-18,228,262
1803,2020-02-19,288,256
1804,2020-02-20,292,257
1805,2020-02-21,292,258
1806,2020-02-24,300,258
1807,2020-02-25,300,259
1808,2020-02-26,300,260
1809,2020-02-27,314,260
1810,2020-02-28,407,257
1811,2020-03-02,411,259
1812,2020-03-03,398,260
1813,2020-03-04,398,260
1814,2020-03-05,528,260
1815,2020-03-06,528,260
1816,2020-03-09,519,260
1817,2020-03-10,519,260
1818,2020-03-11,519,259
1819,2020-03-12,468,259
1820,2020-03-13,454,260
1821,2020-03-16,471,258
1822,2020-03-17,478,258
1823,2020-03-18,481,260
1824,2020-03-19,462,259
1825,2020-03-20,429,257
1826,2020-03-23,455,257
1827,2020-03-24,455,258
1828,2020-03-25,455,258
1829,2020-03-26,457,261
1830,2020-03-27,445,261
1831,2020-03-30,457,262
1832,2020-03-31,457,269
1833,2020-04-01,457,269
1834,2020-04-02,451,268
1835,2020-04-03,457,263
1836,2020-04-06,457,263
1837,2020-04-07,457,262
1838,2020-04-08,431,262
1839,2020-04-09,392,261
1840,2020-04-10,418,260
1841,2020-04-13,439,260
1842,2020-04-14,435,266
1843,2020-04-16,431,265
1844,2020-04-17,431,265
1845,2020-04-20,445,265
1846,2020-04-21,445,265
1847,2020-04-22,445,266
1848,2020-04-23,457,265
1849,2020-04-24,454,266
1850,2020-04-27,454,272
1851,2020-04-28,454,274
1852,2020-04-29,454,275
1853,2020-05-04,462,277
1854,2020-05-06,462,279
1855,2020-05-07,461,283
1856,2020-05-08,461,284
1857,2020-05-11,461,286
1858,2020-05-12,461,289
1859,2020-05-13,461,292
1860,2020-05-14,471,305
1861,2020-05-15,471,307
1862,2020-05-18,477,309
1863,2020-05-19,477,311
1864,2020-05-20,477,314
1865,2020-05-21,467,316
1866,2020-05-22,455,316
1867,2020-05-25,455,317
1868,2020-05-26,459,318
1869,2020-05-27,459,324
1870,2020-05-28,445,324
1871,2020-05-29,431,324
1872,2020-06-01,427,329
1873,2020-06-02,427,336
1874,2020-06-03,427,336
1875,2020-06-04,409,337
1876,2020-06-05,395,323
1877,2020-06-08,378,321
1878,2020-06-09,378,354
1879,2020-06-10,375,388
1880,2020-06-11,402,386
1881,2020-06-12,395,382
1882,2020-06-15,392,380
1883,2020-06-16,392,383
1884,2020-06-17,391,385
1885,2020-06-18,374,350
1886,2020-06-19,359,347
1887,2020-06-22,359,439
1888,2020-06-23,359,437
1889,2020-06-24,359,438
1890,2020-06-25,331,449
1891,2020-06-26,331,442
1892,2020-06-29,317,443
1893,2020-06-30,317,450
1894,2020-07-01,317,449
1895,2020-07-02,314,445
1896,2020-07-03,314,445
1897,2020-07-06,314,438
1898,2020-07-07,317,406
1899,2020-07-08,317,408
1900,2020-07-09,317,410
1901,2020-07-10,317,419
1902,2020-07-13,309,419
1903,2020-07-14,317,418
1904,2020-07-15,308,395
1905,2020-07-16,291,411
1906,2020-07-17,281,413
1907,2020-07-20,278,417
1908,2020-07-21,278,419
1909,2020-07-22,278,418
1910,2020-07-23,275,409
1911,2020-07-24,264,407
1912,2020-07-27,261,418
1913,2020-07-28,252,416
1914,2020-07-29,252,406
1915,2020-07-30,196,405
1916,2020-07-31,196,424
1917,2020-08-03,201,427
1918,2020-08-04,207,419
1919,2020-08-05,209,422
1920,2020-08-06,209,508
1921,2020-08-07,209,516
1922,2020-08-10,209,520
1923,2020-08-11,209,523
1924,2020-08-12,209,522
1925,2020-08-13,209,510
1926,2020-08-14,249,496
1927,2020-08-18,259,495
1928,2020-08-19,261,490
1929,2020-08-20,264,490
1930,2020-08-21,264,518
1931,2020-08-24,256,512
1932,2020-08-25,248,505
1933,2020-08-26,248,486
1934,2020-08-27,255,478
1935,2020-08-28,255,470
1936,2020-08-31,252,484
1937,2020-09-01,255,486
1938,2020-09-02,255,500
1939,2020-09-03,264,505
1940,2020-09-04,264,512
1941,2020-09-07,264,512
1942,2020-09-08,264,511
1943,2020-09-09,264,510
1944,2020-09-10,282,512
1945,2020-09-11,282,500
1946,2020-09-14,279,497
1947,2020-09-15,279,492
1948,2020-09-16,279,493
1949,2020-09-17,279,496
1950,2020-09-18,279,505
1951,2020-09-21,278,505
1952,2020-09-22,278,506
1953,2020-09-23,278,507
1954,2020-09-24,275,511
1955,2020-09-25,277,518
1956,2020-09-28,277,519
1957,2020-09-29,277,487
1958,2020-10-05,278,482
1959,2020-10-06,278,466
1960,2020-10-07,278,464
1961,2020-10-08,278,462
1962,2020-10-12,278,459
1963,2020-10-13,278,457
1964,2020-10-14,282,437
1965,2020-10-15,277,433
1966,2020-10-16,277,428
1967,2020-10-19,277,428
1968,2020-10-20,277,426
1969,2020-10-21,277,427
1970,2020-10-22,277,427
1971,2020-10-23,277,426
1972,2020-10-26,277,426
1973,2020-10-27,277,424
1974,2020-10-28,277,423
1975,2020-10-29,279,423
1976,2020-10-30,279,424
1977,2020-11-02,279,425
1978,2020-11-03,279,425
1979,2020-11-04,279,424
1980,2020-11-05,278,421
1981,2020-11-06,278,419
1982,2020-11-09,278,417
1983,2020-11-10,278,414
1984,2020-11-11,278,410
1985,2020-11-12,287,398
1986,2020-11-13,287,396
1987,2020-11-16,294,391
1988,2020-11-17,294,388
1989,2020-11-18,294,383
1990,2020-11-19,294,371
1991,2020-11-20,294,367
1992,2020-11-23,294,364
1993,2020-11-24,294,363
1994,2020-11-25,294,353
1995,2020-11-26,295,341
1996,2020-11-27,295,337
1997,2020-11-30,295,333
1998,2020-12-01,295,332
1999,2020-12-02,295,330
2000,2020-12-03,302,308
2001,2020-12-07,302,299
2002,2020-12-08,304,293
2003,2020-12-09,304,291
2004,2020-12-10,307,289
2005,2020-12-11,307,280
2006,2020-12-14,270,275
2007,2020-12-15,270,269
2008,2020-12-16,286,265
2009,2020-12-17,292,264
2010,2020-12-18,292,257
2011,2020-12-21,294,256
2012,2020-12-22,284,256
2013,2020-12-23,284,257
2014,2020-12-24,284,255
2015,2020-12-28,282,251
2016,2020-12-29,282,253
2017,2020-12-30,292,253
2018,2020-12-31,292,253
2019,2021-01-04,295,251
2020,2021-01-05,295,245
2021,2021-01-06,295,244
2022,2021-01-07,295,243
2023,2021-01-08,295,242
2024,2021-01-11,295,244
2025,2021-01-12,295,242
2026,2021-01-13,295,241
2027,2021-01-14,295,240
2028,2021-01-15,295,235
2029,2021-01-18,313,234
2030,2021-01-19,313,237
2031,2021-01-20,313,238
2032,2021-01-21,313,240
2033,2021-01-22,320,240
2034,2021-01-25,475,241
2035,2021-01-26,475,246
2036,2021-01-27,475,247
2037,2021-01-28,475,248
2038,2021-01-29,475,248
2039,2021-02-01,492,250
2040,2021-02-02,494,258
2041,2021-02-03,494,261
2042,2021-02-04,508,264
2043,2021-02-05,508,265
2044,2021-02-08,542,267
2045,2021-02-09,542,267
2046,2021-02-10,557,268
2047,2021-02-15,578,271
2048,2021-02-16,578,270
2049,2021-02-17,581,261
2050,2021-02-18,591,262
2051,2021-02-19,591,263
2052,2021-02-22,553,264
2053,2021-02-23,553,265
2054,2021-02-24,578,267
2055,2021-02-25,552,267
2056,2021-02-26,552,268
2057,2021-03-02,552,267
2058,2021-03-03,552,269
2059,2021-03-04,553,271
2060,2021-03-05,553,271
2061,2021-03-08,516,271
2062,2021-03-09,517,271
2063,2021-03-10,517,271
2064,2021-03-11,564,272
2065,2021-03-12,551,272
2066,2021-03-15,575,273
2067,2021-03-16,568,271
2068,2021-03-17,568,271
2069,2021-03-18,561,271
2070,2021-03-19,561,271
2071,2021-03-22,535,271
2072,2021-03-23,569,271
2073,2021-03-24,569,271
2074,2021-03-25,563,272
2075,2021-03-26,563,273
2076,2021-03-29,536,273
2077,2021-03-30,536,273
2078,2021-03-31,536,283
2079,2021-04-01,536,262
2080,2021-04-02,541,263
2081,2021-04-05,536,263
2082,2021-04-06,536,263
2083,2021-04-07,536,262
2084,2021-04-08,449,260
2085,2021-04-09,449,259
2086,2021-04-12,449,259
2087,2021-04-13,449,259
2088,2021-04-14,449,267
2089,2021-04-15,483,263
2090,2021-04-16,483,264
2091,2021-04-19,483,264
2092,2021-04-20,483,265
2093,2021-04-21,483,265
2094,2021-04-22,499,269
2095,2021-04-23,499,269
2096,2021-04-26,483,271
2097,2021-04-27,483,273
2098,2021-04-28,483,275
2099,2021-04-29,483,280
2100,2021-04-30,479,284
2101,2021-05-03,479,283
2102,2021-05-04,479,285
2103,2021-05-06,434,288
2104,2021-05-07,434,298
2105,2021-05-10,434,306
2106,2021-05-11,434,307
2107,2021-05-12,434,308
2108,2021-05-13,411,308
2109,2021-05-14,411,311
2110,2021-05-17,401,312
2111,2021-05-18,401,314
2112,2021-05-20,406,316
2113,2021-05-21,406,322
2114,2021-05-24,403,324
2115,2021-05-25,403,323
2116,2021-05-26,403,323
2117,2021-05-27,356,323
2118,2021-05-28,359,316
2119,2021-05-31,376,321
2120,2021-06-01,376,321
2121,2021-06-02,379,322
2122,2021-06-03,351,309
2123,2021-06-04,331,359
2124,2021-06-07,327,378
2125,2021-06-08,327,384
2126,2021-06-09,317,383
2127,2021-06-10,314,360
2128,2021-06-11,299,361
2129,2021-06-14,316,370
2130,2021-06-15,316,376
2131,2021-06-16,316,375
2132,2021-06-17,306,441
2133,2021-06-18,311,442
2134,2021-06-21,311,440
2135,2021-06-22,311,439
2136,2021-06-23,311,445
2137,2021-06-24,311,445
2138,2021-06-25,304,445
2139,2021-06-28,288,457
2140,2021-06-29,285,457
2141,2021-06-30,278,448
2142,2021-07-01,295,447
2143,2021-07-02,288,451
2144,2021-07-05,279,453
2145,2021-07-06,279,457
2146,2021-07-07,287,470
2147,2021-07-08,294,480
2148,2021-07-09,294,479
2149,2021-07-12,291,479
2150,2021-07-13,291,479
2151,2021-07-14,291,478
2152,2021-07-15,291,486
2153,2021-07-16,291,488
2154,2021-07-19,274,489
2155,2021-07-20,274,471
2156,2021-07-21,274,462
2157,2021-07-22,271,458
2158,2021-07-23,271,470
2159,2021-07-26,271,427
2160,2021-07-27,271,421
2161,2021-07-28,271,424
2162,2021-07-29,269,429
2163,2021-07-30,269,439
2164,2021-08-02,266,463
2165,2021-08-03,266,469
2166,2021-08-04,284,512
2167,2021-08-05,274,522
2168,2021-08-06,274,528
2169,2021-08-09,291,508
2170,2021-08-10,291,477
2171,2021-08-11,291,478
2172,2021-08-12,291,475
2173,2021-08-13,291,497
2174,2021-08-17,296,500
2175,2021-08-18,296,497
2176,2021-08-19,309,493
2177,2021-08-20,309,482
2178,2021-08-23,309,474
2179,2021-08-24,309,472
2180,2021-08-25,309,512
2181,2021-08-26,323,512
2182,2021-08-27,307,512
2183,2021-08-30,307,514
2184,2021-08-31,318,509
2185,2021-09-01,318,509
2186,2021-09-02,318,508
2187,2021-09-03,318,507
2188,2021-09-06,318,503
2189,2021-09-07,318,498
2190,2021-09-08,318,495
2191,2021-09-09,318,492
2192,2021-09-10,318,494
2193,2021-09-13,318,500
2194,2021-09-14,318,500
2195,2021-09-15,318,496
2196,2021-09-16,341,494
2197,2021-09-17,341,494
2198,2021-09-23,341,493
2199,2021-09-24,341,495
2200,2021-09-27,341,497
2201,2021-09-28,341,495
2202,2021-09-29,341,490
2203,2021-09-30,335,472
2204,2021-10-01,335,467
2205,2021-10-05,335,466
2206,2021-10-06,335,464
2207,2021-10-07,336,462
2208,2021-10-08,336,452
2209,2021-10-12,336,442
2210,2021-10-13,336,436
2211,2021-10-14,336,431
2212,2021-10-15,336,427
2213,2021-10-18,336,460
2214,2021-10-19,336,457
2215,2021-10-20,336,450
2216,2021-10-21,336,448
2217,2021-10-22,336,449
2218,2021-10-25,336,448
2219,2021-10-26,336,446
2220,2021-10-27,336,446
2221,2021-10-28,336,444
2222,2021-10-29,336,442
2223,2021-11-01,336,442
2224,2021-11-02,336,443
2225,2021-11-03,336,443
2226,2021-11-04,336,443
2227,2021-11-05,336,438
2228,2021-11-08,336,436
2229,2021-11-09,336,433
2230,2021-11-10,336,430
2231,2021-11-11,336,426
2232,2021-11-12,336,412
2233,2021-11-15,336,409
2234,2021-11-16,336,399
2235,2021-11-17,336,394
2236,2021-11-18,338,373
2237,2021-11-19,338,368
2238,2021-11-22,338,355
2239,2021-11-23,338,365
2240,2021-11-24,338,341
2241,2021-11-25,336,339
2242,2021-11-26,333,331
2243,2021-11-29,333,328
2244,2021-11-30,333,328
2245,2021-12-01,341,315
2246,2021-12-02,344,307
2247,2021-12-06,353,299
2248,2021-12-07,353,295
2249,2021-12-08,353,294
2250,2021-12-09,361,290
2251,2021-12-10,370,286
2252,2021-12-13,371,282
2253,2021-12-14,341,275
2254,2021-12-15,355,273
2255,2021-12-16,361,269
2256,2021-12-17,361,269
2257,2021-12-20,361,269
2258,2021-12-21,365,270
2259,2021-12-22,365,273
2260,2021-12-23,408,272
2261,2021-12-24,408,273
2262,2021-12-27,416,271
2263,2021-12-28,416,270
2264,2021-12-29,483,268
2265,2021-12-30,500,255
2266,2021-12-31,500,254
2267,2022-01-03,530,251
2268,2022-01-04,530,250
2269,2022-01-05,483,249
2270,2022-01-06,325,245
2271,2022-01-07,306,245
2272,2022-01-10,283,251
2273,2022-01-11,283,245
2274,2022-01-12,283,242
2275,2022-01-13,283,246
2276,2022-01-14,283,248
2277,2022-01-17,283,251
2278,2022-01-18,283,254
2279,2022-01-19,283,256
2280,2022-01-20,283,261
2281,2022-01-21,479,264
2282,2022-01-24,495,267
2283,2022-01-25,495,270
2284,2022-01-26,495,271
2285,2022-01-27,495,283
2286,2022-01-28,495,287
2287,2022-02-03,495,291
2288,2022-02-04,495,295
2289,2022-02-07,495,298
2290,2022-02-08,513,299
2291,2022-02-09,513,300
2292,2022-02-10,496,301
2293,2022-02-11,496,301
2294,2022-02-14,496,283
2295,2022-02-15,496,285
2296,2022-02-16,496,286
2297,2022-02-17,545,288
2298,2022-02-18,545,290
2299,2022-02-21,545,293
2300,2022-02-22,545,294
2301,2022-02-23,545,295
2302,2022-02-24,531,296
2303,2022-02-25,531,301
2304,2022-02-28,496,301
2305,2022-03-02,524,302
2306,2022-03-03,524,302
2307,2022-03-04,524,303
2308,2022-03-07,524,303
2309,2022-03-08,524,303
2310,2022-03-10,510,303
2311,2022-03-11,510,299
2312,2022-03-14,510,299
2313,2022-03-15,510,299
2314,2022-03-16,510,303
2315,2022-03-17,510,303
2316,2022-03-18,510,303
2317,2022-03-21,510,304
2318,2022-03-22,512,304
2319,2022-03-23,512,304
2320,2022-03-24,508,304
2321,2022-03-25,508,305
2322,2022-03-28,508,306
2323,2022-03-29,508,306
2324,2022-03-30,510,306
2325,2022-03-31,524,318
2326,2022-04-01,524,284
2327,2022-04-04,542,274
2328,2022-04-05,547,274
2329,2022-04-06,547,274
2330,2022-04-07,532,274
2331,2022-04-08,532,271
2332,2022-04-11,561,271
2333,2022-04-12,561,270
2334,2022-04-13,561,270
2335,2022-04-14,541,270
2336,2022-04-15,541,276
2337,2022-04-18,541,274
2338,2022-04-19,541,275
2339,2022-04-20,544,275
2340,2022-04-21,587,275
2341,2022-04-22,587,275
2342,2022-04-25,590,282
2343,2022-04-26,578,283
2344,2022-04-27,578,284
2345,2022-04-28,601,286
2346,2022-04-29,621,291
2347,2022-05-02,621,292
2348,2022-05-03,620,291
2349,2022-05-04,624,291
2350,2022-05-06,624,292
2351,2022-05-09,630,300
2352,2022-05-10,630,304
2353,2022-05-11,630,311
2354,2022-05-12,630,313
2355,2022-05-13,623,314
2356,2022-05-16,623,312
2357,2022-05-17,618,312
2358,2022-05-18,618,316
2359,2022-05-19,580,317
2360,2022-05-20,580,321
2361,2022-05-23,540,322
2362,2022-05-24,535,323
2363,2022-05-25,535,323
2364,2022-05-26,547,324
2365,2022-05-27,547,330
2366,2022-05-30,544,321
2367,2022-05-31,530,326
2368,2022-06-02,554,326
2369,2022-06-03,554,328
2370,2022-06-07,545,355
2371,2022-06-08,545,365
2372,2022-06-09,484,384
2373,2022-06-10,484,389
2374,2022-06-13,484,388
2375,2022-06-14,484,382
2376,2022-06-15,480,371
2377,2022-06-16,489,374
2378,2022-06-17,489,389
2379,2022-06-20,490,395
2380,2022-06-21,490,368
2381,2022-06-22,490,395
2382,2022-06-23,503,458
2383,2022-06-24,503,459
2384,2022-06-27,503,454
2385,2022-06-28,503,464
2386,2022-06-29,494,465
2387,2022-06-30,473,465
2388,2022-07-01,473,465
2389,2022-07-04,480,485
2390,2022-07-05,473,484
2391,2022-07-06,473,475
2392,2022-07-07,427,475
2393,2022-07-08,427,479
2394,2022-07-11,427,483
2395,2022-07-12,427,476
2396,2022-07-13,427,477
2397,2022-07-14,423,479
2398,2022-07-15,440,476
2399,2022-07-18,440,477
2400,2022-07-19,440,485
2401,2022-07-20,438,487
2402,2022-07-21,428,511
2403,2022-07-22,428,507
2404,2022-07-25,400,507
2405,2022-07-26,400,506
2406,2022-07-27,400,503
2407,2022-07-28,414,475
2408,2022-07-29,410,472
2409,2022-08-01,410,502
2410,2022-08-02,410,510
2411,2022-08-03,410,513
2412,2022-08-04,410,559
2413,2022-08-05,410,562
2414,2022-08-08,410,563
2415,2022-08-09,423,535
2416,2022-08-10,423,535
2417,2022-08-11,424,534
2418,2022-08-12,424,496
2419,2022-08-16,431,499
2420,2022-08-17,431,505
2421,2022-08-18,423,534
2422,2022-08-19,423,538
2423,2022-08-22,423,507
2424,2022-08-23,423,511
2425,2022-08-24,423,500
2426,2022-08-25,450,500
2427,2022-08-26,450,501
2428,2022-08-29,450,506
2429,2022-08-30,450,506
2430,2022-08-31,450,504
2431,2022-09-01,462,506
2432,2022-09-02,462,509
2433,2022-09-05,462,510
2434,2022-09-06,462,509
2435,2022-09-07,462,508
2436,2022-09-08,428,504
2437,2022-09-13,425,499
2438,2022-09-14,418,496
2439,2022-09-15,418,495
2440,2022-09-16,418,503
2441,2022-09-19,403,507
2442,2022-09-20,412,504
2443,2022-09-21,423,495
2444,2022-09-22,415,489
2445,2022-09-23,415,483
2446,2022-09-26,415,486
2447,2022-09-27,415,491
2448,2022-09-28,415,496
2449,2022-09-29,415,498
2450,2022-09-30,415,484
2451,2022-10-04,415,478
2452,2022-10-05,415,475
2453,2022-10-06,453,477
2454,2022-10-07,453,478
2455,2022-10-11,453,478
2456,2022-10-12,453,475
2457,2022-10-13,453,465
2458,2022-10-14,453,464
2459,2022-10-17,453,462
