구분,평균,평년
,,
,,
2012-10-18,"1,907","1,683"
2012-10-19,"1,907","1,687"
2012-10-22,"2,003","1,773"
2012-10-23,"2,003","1,740"
2012-10-24,"2,003","1,735"
2012-10-25,"1,711","1,745"
2012-10-26,"1,711","1,755"
2012-10-29,"1,740","1,694"
2012-10-30,"1,740","1,694"
2012-10-31,"1,740","1,691"
2012-11-01,"1,814","1,690"
2012-11-02,"1,771","1,705"
2012-11-05,"1,857","1,699"
2012-11-06,"1,857","1,686"
2012-11-07,"1,790","1,674"
2012-11-08,"1,877","1,670"
2012-11-09,"1,863","1,624"
2012-11-12,"1,863","1,585"
2012-11-13,"1,863","1,585"
2012-11-14,"1,960","1,586"
2012-11-15,"1,993","1,592"
2012-11-16,"1,993","1,573"
2012-11-19,"1,993","1,572"
2012-11-20,"2,021","1,584"
2012-11-21,"2,050","1,598"
2012-11-22,"1,964","1,682"
2012-11-23,"1,927","1,687"
2012-11-26,"1,969","1,679"
2012-11-27,"1,997","1,679"
2012-11-28,"2,040","1,680"
2012-11-29,"2,001","1,682"
2012-11-30,"2,001","1,687"
2012-12-03,"2,001","1,691"
2012-12-04,"2,001","1,682"
2012-12-05,"2,001","1,682"
2012-12-06,"2,014","1,669"
2012-12-07,"2,043","1,679"
2012-12-10,"2,071","1,689"
2012-12-11,"2,057","1,690"
2012-12-12,"2,057","1,685"
2012-12-13,"1,976","1,663"
2012-12-14,"1,976","1,647"
2012-12-17,"1,957","1,622"
2012-12-18,"1,957","1,604"
2012-12-20,"2,087","1,590"
2012-12-21,"2,073","1,575"
2012-12-24,"2,047","1,576"
2012-12-26,"2,061","1,581"
2012-12-27,"2,173","1,591"
2012-12-28,"2,173","1,598"
2012-12-31,"2,173","1,566"
2013-01-02,"2,206","1,571"
2013-01-03,"2,144","1,575"
2013-01-04,"2,144","1,575"
2013-01-07,"2,120","1,559"
2013-01-08,"2,064","1,578"
2013-01-09,"2,064","1,598"
2013-01-10,"2,217","1,621"
2013-01-11,"2,323","1,640"
2013-01-14,"2,323","1,663"
2013-01-15,"2,323","1,649"
2013-01-16,"2,056","1,629"
2013-01-17,"2,060","1,609"
2013-01-18,"2,044","1,599"
2013-01-21,"2,180","1,589"
2013-01-22,"2,180","1,585"
2013-01-23,"2,180","1,600"
2013-01-24,"2,350","1,618"
2013-01-25,"2,350","1,625"
2013-01-28,"2,409","1,641"
2013-01-29,"2,409","1,657"
2013-01-30,"2,409","1,665"
2013-01-31,"2,434","1,669"
2013-02-01,"2,450","1,673"
2013-02-04,"2,519","1,695"
2013-02-05,"2,561","1,701"
2013-02-06,"2,590","1,711"
2013-02-07,"2,670","1,712"
2013-02-08,"2,684","1,721"
2013-02-12,"2,684","1,727"
2013-02-13,"2,684","1,731"
2013-02-14,"2,774","1,745"
2013-02-15,"2,831","1,760"
2013-02-18,"2,853","1,761"
2013-02-19,"2,881","1,761"
2013-02-20,"2,924","1,744"
2013-02-21,"3,000","1,726"
2013-02-22,"3,049","1,711"
2013-02-25,"3,020","1,705"
2013-02-26,"3,040","1,668"
2013-02-27,"3,040","1,660"
2013-02-28,"2,974","1,657"
2013-03-04,"2,916","1,674"
2013-03-05,"2,656","1,687"
2013-03-06,"2,680","1,688"
2013-03-07,"2,901","1,677"
2013-03-08,"2,899","1,760"
2013-03-11,"2,939","1,765"
2013-03-12,"2,939","1,752"
2013-03-13,"2,924","1,745"
2013-03-14,"2,934","1,725"
2013-03-15,"3,010","1,653"
2013-03-18,"3,010","1,637"
2013-03-19,"2,939","1,624"
2013-03-20,"2,991","1,607"
2013-03-21,"2,891","1,606"
2013-03-22,"2,891","1,631"
2013-03-25,"2,906","1,671"
2013-03-26,"2,906","1,694"
2013-03-27,"2,991","1,684"
2013-03-28,"3,340","1,679"
2013-03-29,"3,451","1,674"
2013-04-01,"3,494","1,679"
2013-04-02,"3,509","1,478"
2013-04-03,"3,604","1,476"
2013-04-04,"3,570","1,477"
2013-04-05,"3,570","1,473"
2013-04-08,"3,570","1,467"
2013-04-09,"3,570","1,465"
2013-04-10,"3,606","1,474"
2013-04-11,"3,656","1,463"
2013-04-12,"3,616","1,463"
2013-04-15,"3,703","1,463"
2013-04-16,"3,679","1,460"
2013-04-17,"3,602","1,450"
2013-04-18,"3,791","1,455"
2013-04-19,"3,591","1,467"
2013-04-22,"3,591","1,487"
2013-04-23,"3,591","1,504"
2013-04-24,"3,623","1,518"
2013-04-25,"3,699","1,540"
2013-04-26,"3,729","1,540"
2013-04-29,"3,819","1,542"
2013-04-30,"3,880","1,540"
2013-05-02,"3,739","1,537"
2013-05-03,"3,739","1,572"
2013-05-06,"3,739","1,579"
2013-05-07,"3,739","1,588"
2013-05-08,"3,824","1,598"
2013-05-09,"3,719","1,597"
2013-05-10,"3,704","1,600"
2013-05-13,"3,850","1,588"
2013-05-14,"3,850","1,570"
2013-05-15,"3,679","1,537"
2013-05-16,"3,557","1,520"
2013-05-20,"3,597","1,483"
2013-05-21,"3,569","1,472"
2013-05-22,"3,237","1,473"
2013-05-23,"3,273","1,488"
2013-05-24,"3,259","1,515"
2013-05-27,"3,194","1,532"
2013-05-28,"3,209","1,546"
2013-05-29,"3,251","1,557"
2013-05-30,"2,799","1,556"
2013-05-31,"2,707","1,557"
2013-06-03,"2,746","1,575"
2013-06-04,"2,746","1,581"
2013-06-05,"2,536","1,594"
2013-06-07,"2,679","1,587"
2013-06-10,"2,533","1,546"
2013-06-11,"2,504","1,521"
2013-06-12,"2,504","1,507"
2013-06-13,"2,404","1,492"
2013-06-14,"2,308","1,489"
2013-06-17,"2,293","1,491"
2013-06-18,"2,336","1,495"
2013-06-19,"2,336","1,520"
2013-06-20,"2,251","1,647"
2013-06-21,"2,251","1,673"
2013-06-24,"2,287","1,711"
2013-06-25,"2,287","1,738"
2013-06-26,"2,193","1,723"
2013-06-27,"2,193","1,657"
2013-06-28,"2,193","1,644"
2013-07-01,"2,157","1,633"
2013-07-02,"2,157","1,619"
2013-07-03,"2,033","1,648"
2013-07-04,"2,129","1,721"
2013-07-05,"2,129","1,741"
2013-07-08,"2,129","1,752"
2013-07-09,"1,969","1,759"
2013-07-10,"1,914","1,758"
2013-07-11,"1,914","1,797"
2013-07-12,"1,914","1,806"
2013-07-15,"1,873","1,802"
2013-07-16,"1,873","1,805"
2013-07-17,"1,993","1,810"
2013-07-18,"2,004","1,712"
2013-07-19,"2,014","1,699"
2013-07-22,"2,017","1,690"
2013-07-23,"2,017","1,692"
2013-07-24,"2,150","1,701"
2013-07-25,"2,096","1,740"
2013-07-26,"2,067","1,743"
2013-07-29,"2,029","1,728"
2013-07-30,"1,960","1,715"
2013-07-31,"1,799","1,683"
2013-08-01,"1,863","1,681"
2013-08-02,"1,874","1,692"
2013-08-05,"1,874","1,705"
2013-08-06,"1,761","1,712"
2013-08-07,"1,660","1,757"
2013-08-08,"1,730","1,771"
2013-08-09,"1,730","1,781"
2013-08-12,"1,730","1,779"
2013-08-13,"1,730","1,782"
2013-08-14,"1,759","1,784"
2013-08-16,"1,794","1,788"
2013-08-19,"1,803","1,795"
2013-08-20,"1,803","1,804"
2013-08-21,"1,791","1,841"
2013-08-22,"1,713","1,834"
2013-08-23,"1,741","1,815"
2013-08-26,"1,774","1,788"
2013-08-27,"1,774","1,754"
2013-08-28,"1,819","1,652"
2013-08-29,"1,874","1,644"
2013-08-30,"1,874","1,655"
2013-09-02,"1,966","1,665"
2013-09-03,"1,966","1,690"
2013-09-04,"1,966","1,801"
2013-09-05,"1,986","1,815"
2013-09-06,"1,986","1,805"
2013-09-09,"1,986","1,799"
2013-09-10,"1,986","1,775"
2013-09-11,"1,871","1,710"
2013-09-12,"1,867","1,706"
2013-09-13,"1,809","1,715"
2013-09-16,"1,830","1,726"
2013-09-17,"1,830","1,731"
2013-09-23,"1,921","1,825"
2013-09-24,"1,921","1,764"
2013-09-25,"1,864","1,754"
2013-09-26,"1,906","1,784"
2013-09-27,"1,906","1,801"
2013-09-30,"1,914","1,558"
2013-10-01,"1,914","1,577"
2013-10-02,"1,990","1,555"
2013-10-04,"2,004","1,577"
2013-10-07,"2,004","1,601"
2013-10-08,"2,004","1,871"
2013-10-10,"1,903","1,872"
2013-10-11,"1,903","1,890"
2013-10-14,"1,917","1,897"
2013-10-15,"1,917","1,845"
2013-10-16,"1,860","1,676"
2013-10-17,"1,890","1,676"
2013-10-18,"1,890","1,779"
2013-10-21,"1,890","2,231"
2013-10-22,"1,906","2,212"
2013-10-23,"1,947","2,238"
2013-10-24,"1,771","2,209"
2013-10-25,"1,754","2,141"
2013-10-28,"1,797","2,135"
2013-10-29,"1,821","2,106"
2013-10-30,"1,813","2,076"
2013-10-31,"1,789","2,052"
2013-11-01,"1,840","2,068"
2013-11-04,"1,847","2,061"
2013-11-05,"1,847","2,058"
2013-11-06,"1,774","2,044"
2013-11-07,"1,911","1,988"
2013-11-08,"1,911","1,961"
2013-11-11,"1,916","1,931"
2013-11-12,"1,916","1,904"
2013-11-13,"1,916","1,887"
2013-11-14,"1,917","1,828"
2013-11-15,"1,964","1,805"
2013-11-18,"1,964","1,791"
2013-11-19,"1,987","1,823"
2013-11-20,"1,879","1,832"
2013-11-21,"1,873","1,812"
2013-11-22,"1,873","1,775"
2013-11-25,"1,873","1,766"
2013-11-26,"1,873","1,760"
2013-11-27,"1,950","1,755"
2013-11-28,"1,894","1,751"
2013-11-29,"1,894","1,748"
2013-12-02,"1,894","1,730"
2013-12-03,"1,894","1,688"
2013-12-04,"1,856","1,693"
2013-12-05,"1,799","1,702"
2013-12-06,"1,799","1,719"
2013-12-09,"1,799","1,738"
2013-12-10,"1,799","1,755"
2013-12-11,"1,799","1,744"
2013-12-12,"1,849","1,740"
2013-12-13,"1,849","1,721"
2013-12-16,"1,936","1,700"
2013-12-17,"1,911","1,667"
2013-12-18,"1,911","1,659"
2013-12-19,"1,911","1,648"
2013-12-20,"1,911","1,632"
2013-12-23,"1,896","1,615"
2013-12-24,"1,896","1,569"
2013-12-26,"1,901","1,573"
2013-12-27,"1,901","1,587"
2013-12-30,"1,870","1,603"
2013-12-31,"1,784","1,619"
2014-01-02,"1,739","1,648"
2014-01-03,"1,739","1,674"
2014-01-06,"1,739","1,701"
2014-01-07,"1,739","1,715"
2014-01-08,"1,739","1,724"
2014-01-09,"1,789","1,703"
2014-01-10,"1,750","1,672"
2014-01-13,"1,887","1,641"
2014-01-14,"1,911","1,613"
2014-01-15,"1,969","1,574"
2014-01-16,"1,861","1,569"
2014-01-17,"1,861","1,582"
2014-01-20,"1,861","1,598"
2014-01-21,"1,861","1,600"
2014-01-22,"1,813","1,634"
2014-01-23,"1,804","1,659"
2014-01-24,"1,760","1,679"
2014-01-27,"1,760","1,686"
2014-01-28,"1,776","1,720"
2014-01-29,"1,833","1,700"
2014-02-03,"1,909","1,677"
2014-02-04,"1,909","1,659"
2014-02-05,"1,909","1,639"
2014-02-06,"1,937","1,622"
2014-02-07,"1,937","1,645"
2014-02-10,"1,937","1,670"
2014-02-11,"1,909","1,705"
2014-02-12,"1,880","1,739"
2014-02-13,"1,853","1,781"
2014-02-14,"1,853","1,784"
2014-02-17,"1,853","1,785"
2014-02-18,"1,853","1,782"
2014-02-19,"1,833","1,775"
2014-02-20,"1,796","1,660"
2014-02-21,"1,796","1,649"
2014-02-24,"1,796","1,632"
2014-02-25,"1,796","1,632"
2014-02-26,"1,787","1,650"
2014-02-27,"1,736","1,652"
2014-02-28,"1,736","1,710"
2014-03-03,"1,736","1,724"
2014-03-04,"1,736","1,754"
2014-03-05,"1,707","1,756"
2014-03-06,"1,721","1,755"
2014-03-07,"1,721","1,694"
2014-03-10,"1,721","1,689"
2014-03-11,"1,721","1,669"
2014-03-12,"1,803","1,662"
2014-03-13,"1,789","1,687"
2014-03-14,"1,683","1,693"
2014-03-17,"1,683","1,705"
2014-03-18,"1,683","1,720"
2014-03-19,"1,636","1,721"
2014-03-20,"1,526","1,707"
2014-03-21,"1,526","1,692"
2014-03-24,"1,480","1,678"
2014-03-25,"1,526","1,674"
2014-03-26,"1,563","1,693"
2014-03-27,"1,477","1,711"
2014-03-28,"1,416","1,717"
2014-03-31,"1,427","1,716"
2014-04-01,"1,493","1,715"
2014-04-02,"1,454","1,702"
2014-04-03,"1,410","1,682"
2014-04-04,"1,587","1,679"
2014-04-07,"1,587","1,678"
2014-04-08,"1,587","1,670"
2014-04-09,"1,699","1,671"
2014-04-10,"1,733","1,687"
2014-04-11,"1,681","1,676"
2014-04-14,"1,681","1,684"
2014-04-15,"1,669","1,693"
2014-04-16,"1,686","1,691"
2014-04-17,"1,499","1,707"
2014-04-18,"1,365","1,731"
2014-04-21,"1,274","1,747"
2014-04-22,"1,366","1,768"
2014-04-23,"1,308","1,787"
2014-04-24,"1,454","1,815"
2014-04-25,"1,454","1,820"
2014-04-28,"1,454","1,819"
2014-04-29,"1,454","1,815"
2014-04-30,"1,517","1,819"
2014-05-02,"1,484","1,818"
2014-05-07,"1,484","1,829"
2014-05-08,"1,563","1,830"
2014-05-09,"1,563","1,832"
2014-05-12,"1,639","1,825"
2014-05-13,"1,639","1,793"
2014-05-14,"1,639","1,771"
2014-05-15,"1,537","1,760"
2014-05-16,"1,564","1,763"
2014-05-19,"1,583","1,765"
2014-05-20,"1,583","1,782"
2014-05-21,"1,583","1,792"
2014-05-22,"1,576","1,818"
2014-05-23,"1,576","1,835"
2014-05-26,"1,576","1,838"
2014-05-27,"1,576","1,858"
2014-05-28,"1,576","1,868"
2014-05-29,"1,451","1,879"
2014-05-30,"1,451","1,883"
2014-06-02,"1,431","1,885"
2014-06-03,"1,431","1,865"
2014-06-05,"1,409","1,857"
2014-06-09,"1,456","1,841"
2014-06-10,"1,456","1,834"
2014-06-11,"1,456","1,805"
2014-06-12,"1,416","1,813"
2014-06-13,"1,416","1,813"
2014-06-16,"1,416","1,810"
2014-06-17,"1,416","1,902"
2014-06-18,"1,416","1,915"
2014-06-19,"1,476","1,944"
2014-06-20,"1,443","1,978"
2014-06-23,"1,414","2,008"
2014-06-24,"1,414","1,998"
2014-06-25,"1,414","1,978"
2014-06-26,"1,410","1,956"
2014-06-27,"1,410","1,933"
2014-06-30,"1,410","1,924"
2014-07-01,"1,409","1,967"
2014-07-02,"1,409","1,997"
2014-07-03,"1,350","2,027"
2014-07-04,"1,350","2,053"
2014-07-07,"1,350","2,068"
2014-07-08,"1,350","2,104"
2014-07-09,"1,350","2,116"
2014-07-10,"1,374","2,132"
2014-07-11,"1,370","2,101"
2014-07-14,"1,240","2,091"
2014-07-15,"1,243","2,092"
2014-07-16,"1,243","2,098"
2014-07-17,"1,183","2,111"
2014-07-18,"1,183","2,135"
2014-07-21,"1,195","2,077"
2014-07-22,"1,195","2,087"
2014-07-23,"1,220","2,095"
2014-07-24,"1,288","2,093"
2014-07-25,"1,288","2,073"
2014-07-28,"1,288","2,079"
2014-07-29,"1,288","2,090"
2014-07-30,"1,308","2,101"
2014-07-31,"1,303","2,107"
2014-08-04,"1,330","2,147"
2014-08-05,"1,343","2,165"
2014-08-06,"1,343","2,179"
2014-08-07,"1,436","2,192"
2014-08-08,"1,370","2,192"
2014-08-11,"1,370","2,195"
2014-08-12,"1,370","2,211"
2014-08-13,"1,370","2,213"
2014-08-14,"1,333","2,220"
2014-08-18,"1,374","2,226"
2014-08-19,"1,366","2,262"
2014-08-20,"1,366","2,262"
2014-08-21,"1,275","2,259"
2014-08-22,"1,275","2,254"
2014-08-25,"1,240","2,234"
2014-08-26,"1,240","2,162"
2014-08-27,"1,240","2,134"
2014-08-28,"1,329","2,112"
2014-08-29,"1,329","2,096"
2014-09-01,"1,329","2,090"
2014-09-02,"1,329","2,148"
2014-09-03,"1,329","2,192"
2014-09-04,"1,335","2,245"
2014-09-05,"1,335","2,277"
2014-09-11,"1,366","2,295"
2014-09-12,"1,366","2,341"
2014-09-15,"1,366","2,306"
2014-09-17,"1,366","2,273"
2014-09-18,"1,421","2,270"
2014-09-19,"1,421","2,274"
2014-09-22,"1,436","2,307"
2014-09-23,"1,436","2,318"
2014-09-24,"1,436","2,321"
2014-09-25,"1,436","2,316"
2014-09-26,"1,436","2,242"
2014-09-29,"1,421","1,843"
2014-09-30,"1,445","1,661"
2014-10-01,"1,445","1,648"
2014-10-02,"1,410","1,672"
2014-10-06,"1,410","2,290"
2014-10-07,"1,410","2,540"
2014-10-08,"1,410","2,578"
2014-10-10,"1,358","2,579"
2014-10-13,"1,358","2,605"
2014-10-14,"1,358","2,609"
2014-10-15,"1,358","2,777"
2014-10-16,"1,386","1,954"
2014-10-17,"1,386","1,799"
2014-10-20,"1,403","2,236"
2014-10-21,"1,403","2,352"
2014-10-22,"1,403","2,322"
2014-10-23,"1,353","2,075"
2014-10-24,"1,349","2,100"
2014-10-27,"1,379","2,100"
2014-10-28,"1,379","1,999"
2014-10-29,"1,379","1,993"
2014-10-30,"1,336","1,957"
2014-10-31,"1,336","1,893"
2014-11-03,"1,336","1,882"
2014-11-04,"1,293","1,892"
2014-11-05,"1,293","1,892"
2014-11-06,"1,303","1,894"
2014-11-07,"1,303","1,850"
2014-11-10,"1,303","1,837"
2014-11-11,"1,303","1,797"
2014-11-12,"1,303","1,826"
2014-11-13,"1,351","1,785"
2014-11-14,"1,336","1,776"
2014-11-17,"1,315","1,749"
2014-11-18,"1,315","1,711"
2014-11-19,"1,315","1,709"
2014-11-20,"1,339","1,694"
2014-11-21,"1,339","1,704"
2014-11-24,"1,321","1,726"
2014-11-25,"1,321","1,722"
2014-11-26,"1,323","1,709"
2014-11-27,"1,270","1,717"
2014-11-28,"1,273","1,732"
2014-12-02,"1,273","1,749"
2014-12-03,"1,273","1,754"
2014-12-04,"1,276","1,749"
2014-12-05,"1,276","1,725"
2014-12-08,"1,276","1,711"
2014-12-09,"1,276","1,694"
2014-12-10,"1,276","1,682"
2014-12-11,"1,294","1,683"
2014-12-12,"1,316","1,709"
2014-12-15,"1,316","1,709"
2014-12-16,"1,316","1,702"
2014-12-17,"1,316","1,695"
2014-12-18,"1,288","1,644"
2014-12-19,"1,213","1,585"
2014-12-22,"1,263","1,583"
2014-12-23,"1,263","1,596"
2014-12-24,"1,263","1,612"
2014-12-26,"1,340","1,613"
2014-12-29,"1,340","1,601"
2014-12-30,"1,358","1,592"
2014-12-31,"1,358","1,584"
2015-01-02,"1,350","1,583"
2015-01-05,"1,358","1,594"
2015-01-06,"1,358","1,621"
2015-01-07,"1,358","1,626"
2015-01-08,"1,389","1,641"
2015-01-09,"1,418","1,657"
2015-01-12,"1,409","1,659"
2015-01-13,"1,416","1,645"
2015-01-14,"1,394","1,630"
2015-01-15,"1,380","1,608"
2015-01-16,"1,380","1,583"
2015-01-19,"1,373","1,563"
2015-01-20,"1,373","1,536"
2015-01-21,"1,373","1,547"
2015-01-22,"1,256","1,558"
2015-01-23,"1,256","1,571"
2015-01-26,"1,256","1,583"
2015-01-27,"1,256","1,598"
2015-01-28,"1,256","1,587"
2015-01-29,"1,301","1,579"
2015-01-30,"1,301","1,586"
2015-02-02,"1,338","1,606"
2015-02-03,"1,355","1,620"
2015-02-04,"1,355","1,622"
2015-02-05,"1,333","1,620"
2015-02-06,"1,320","1,619"
2015-02-09,"1,320","1,601"
2015-02-10,"1,320","1,601"
2015-02-11,"1,320","1,606"
2015-02-12,"1,359","1,617"
2015-02-13,"1,359","1,640"
2015-02-16,"1,365","1,686"
2015-02-17,"1,374","1,686"
2015-02-23,"1,374","1,685"
2015-02-24,"1,374","1,687"
2015-02-25,"1,368","1,686"
2015-02-26,"1,325","1,673"
2015-02-27,"1,391","1,670"
2015-03-02,"1,354","1,654"
2015-03-03,"1,354","1,647"
2015-03-04,"1,354","1,633"
2015-03-05,"1,374","1,639"
2015-03-06,"1,374","1,637"
2015-03-09,"1,374","1,646"
2015-03-10,"1,374","1,649"
2015-03-11,"1,374","1,663"
2015-03-12,"1,384","1,686"
2015-03-13,"1,375","1,701"
2015-03-16,"1,363","1,711"
2015-03-17,"1,360","1,730"
2015-03-18,"1,360","1,734"
2015-03-19,"1,351","1,678"
2015-03-20,"1,299","1,666"
2015-03-23,"1,299","1,656"
2015-03-24,"1,299","1,654"
2015-03-25,"1,299","1,654"
2015-03-26,"1,334","1,651"
2015-03-27,"1,334","1,655"
2015-03-30,"1,334","1,687"
2015-03-31,"1,346","1,675"
2015-04-01,"1,346","1,661"
2015-04-02,"1,374","1,652"
2015-04-03,"1,380","1,644"
2015-04-06,"1,380","1,687"
2015-04-07,"1,380","1,704"
2015-04-08,"1,389","1,712"
2015-04-09,"1,446","1,715"
2015-04-10,"1,446","1,719"
2015-04-13,"1,446","1,704"
2015-04-14,"1,446","1,698"
2015-04-15,"1,399","1,689"
2015-04-16,"1,396","1,685"
2015-04-17,"1,456","1,674"
2015-04-20,"1,506","1,658"
2015-04-21,"1,506","1,669"
2015-04-22,"1,506","1,686"
2015-04-23,"1,600","1,706"
2015-04-24,"1,600","1,725"
2015-04-27,"1,601","1,770"
2015-04-28,"1,647","1,777"
2015-04-29,"1,647","1,788"
2015-04-30,"1,696","1,803"
2015-05-04,"1,844","1,816"
2015-05-06,"1,754","1,845"
2015-05-07,"1,754","1,825"
2015-05-08,"1,701","1,813"
2015-05-11,"1,701","1,792"
2015-05-12,"1,701","1,772"
2015-05-13,"1,701","1,746"
2015-05-14,"1,701","1,767"
2015-05-15,"1,701","1,790"
2015-05-18,"1,709","1,810"
2015-05-19,"1,668","1,829"
2015-05-20,"1,708","1,789"
2015-05-21,"1,526","1,763"
2015-05-22,"1,526","1,738"
2015-05-26,"1,510","1,728"
2015-05-27,"1,560","1,726"
2015-05-28,"1,469","1,731"
2015-05-29,"1,453","1,743"
2015-06-01,"1,453","1,758"
2015-06-02,"1,473","1,768"
2015-06-03,"1,473","1,776"
2015-06-04,"1,448","1,784"
2015-06-05,"1,455","1,805"
2015-06-08,"1,423","1,824"
2015-06-09,"1,423","1,825"
2015-06-10,"1,448","1,798"
2015-06-11,"1,486","1,784"
2015-06-12,"1,501","1,774"
2015-06-15,"1,531","1,755"
2015-06-16,"1,531","1,719"
2015-06-17,"1,541","1,721"
2015-06-18,"1,581","1,727"
2015-06-19,"1,601","1,719"
2015-06-22,"1,589","1,785"
2015-06-23,"1,589","1,819"
2015-06-24,"1,603","1,828"
2015-06-25,"1,700","1,845"
2015-06-26,"1,710","1,863"
2015-06-29,"1,710","1,867"
2015-06-30,"1,820","1,864"
2015-07-01,"1,751","1,853"
2015-07-02,"1,758","1,845"
2015-07-03,"1,803","1,838"
2015-07-06,"1,790","1,870"
2015-07-07,"1,803","1,875"
2015-07-08,"1,815","1,885"
2015-07-09,"1,884","1,901"
2015-07-10,"1,910","1,908"
2015-07-13,"1,910","1,931"
2015-07-14,"1,985","1,951"
2015-07-15,"1,985","1,969"
2015-07-16,"2,078","1,983"
2015-07-17,"1,941","2,000"
2015-07-20,"1,941","2,019"
2015-07-21,"1,941","1,976"
2015-07-22,"1,941","1,965"
2015-07-23,"1,843","1,955"
2015-07-24,"1,859","1,948"
2015-07-27,"1,859","1,948"
2015-07-28,"1,859","1,951"
2015-07-29,"1,846","1,927"
2015-07-30,"1,934","1,934"
2015-07-31,"1,934","1,936"
2015-08-03,"2,086","1,910"
2015-08-04,"2,086","1,910"
2015-08-05,"2,086","1,954"
2015-08-06,"2,053","1,951"
2015-08-07,"2,053","1,950"
2015-08-10,"2,040","1,944"
2015-08-11,"2,040","1,938"
2015-08-12,"2,040","1,933"
2015-08-13,"2,013","1,928"
2015-08-17,"1,995","1,946"
2015-08-18,"1,983","1,952"
2015-08-19,"1,983","1,959"
2015-08-20,"1,973","1,980"
2015-08-21,"1,995","1,999"
2015-08-24,"2,046","2,008"
2015-08-25,"2,071","2,015"
2015-08-26,"2,071","2,015"
2015-08-27,"2,080","1,960"
2015-08-28,"2,085","1,924"
2015-08-31,"2,085","1,879"
2015-09-01,"2,085","1,845"
2015-09-02,"2,143","1,818"
2015-09-03,"2,040","1,816"
2015-09-04,"2,040","1,861"
2015-09-07,"2,040","1,904"
2015-09-08,"2,040","1,943"
2015-09-09,"2,054","1,969"
2015-09-10,"2,088","1,957"
2015-09-11,"2,096","1,930"
2015-09-14,"2,030","1,900"
2015-09-15,"2,030","1,885"
2015-09-16,"2,030","1,889"
2015-09-17,"1,996","1,950"
2015-09-18,"1,996","1,969"
2015-09-21,"1,996","2,049"
2015-09-22,"1,996","2,101"
2015-09-23,"1,996","2,126"
2015-09-24,"2,076","1,760"
2015-09-25,"2,084","1,693"
2015-09-30,"2,084","1,569"
2015-10-01,"2,084","1,541"
2015-10-02,"2,084","1,568"
2015-10-05,"2,143","2,381"
2015-10-06,"2,143","2,393"
2015-10-07,"2,143","2,395"
2015-10-08,"2,194","2,314"
2015-10-12,"2,175","2,376"
2015-10-13,"2,175","2,265"
2015-10-14,"2,175","2,397"
2015-10-15,"2,085","1,906"
2015-10-16,"2,085","1,707"
2015-10-19,"2,085","1,593"
2015-10-20,"2,085","1,604"
2015-10-21,"2,085","1,976"
2015-10-22,"1,975","1,819"
2015-10-23,"1,975","1,839"
2015-10-26,"2,040","1,856"
2015-10-27,"2,040","1,875"
2015-10-28,"2,040","1,863"
2015-10-29,"2,090","1,810"
2015-10-30,"2,103","1,787"
2015-11-02,"2,103","1,774"
2015-11-03,"2,103","1,754"
2015-11-04,"2,103","1,752"
2015-11-05,"2,174","1,720"
2015-11-06,"2,174","1,707"
2015-11-09,"2,206","1,700"
2015-11-10,"2,206","1,690"
2015-11-11,"2,219","1,673"
2015-11-12,"2,279","1,680"
2015-11-13,"2,279","1,677"
2015-11-16,"2,279","1,673"
2015-11-17,"2,279","1,668"
2015-11-18,"2,279","1,654"
2015-11-19,"2,320","1,644"
2015-11-20,"2,320","1,640"
2015-11-23,"2,320","1,648"
2015-11-24,"2,320","1,647"
2015-11-25,"2,345","1,673"
2015-11-26,"2,428","1,680"
2015-11-27,"2,428","1,691"
2015-11-30,"2,445","1,709"
2015-12-01,"2,445","1,727"
2015-12-02,"2,445","1,712"
2015-12-03,"2,476","1,699"
2015-12-07,"2,448","1,687"
2015-12-08,"2,448","1,676"
2015-12-09,"2,448","1,663"
2015-12-10,"2,501","1,693"
2015-12-11,"2,610","1,703"
2015-12-14,"2,624","1,718"
2015-12-15,"2,670","1,732"
2015-12-16,"2,661","1,743"
2015-12-17,"2,669","1,702"
2015-12-18,"2,669","1,682"
2015-12-21,"2,669","1,671"
2015-12-22,"2,578","1,672"
2015-12-23,"2,578","1,680"
2015-12-24,"2,536","1,706"
2015-12-28,"2,499","1,703"
2015-12-29,"2,590","1,699"
2015-12-30,"2,506","1,702"
2015-12-31,"2,610","1,706"
2016-01-04,"2,491","1,729"
2016-01-05,"2,529","1,728"
2016-01-06,"2,553","1,725"
2016-01-07,"2,553","1,705"
2016-01-08,"2,553","1,707"
2016-01-11,"2,613","1,693"
2016-01-12,"2,588","1,697"
2016-01-13,"2,563","1,693"
2016-01-14,"2,430","1,695"
2016-01-15,"2,430","1,692"
2016-01-18,"2,430","1,704"
2016-01-19,"2,430","1,688"
2016-01-20,"2,430","1,685"
2016-01-21,"2,430","1,682"
2016-01-22,"2,430","1,671"
2016-01-25,"2,549","1,651"
2016-01-26,"2,430","1,664"
2016-01-27,"2,455","1,676"
2016-01-28,"2,574","1,676"
2016-01-29,"2,479","1,685"
2016-02-01,"2,479","1,711"
2016-02-02,"2,479","1,716"
2016-02-03,"2,479","1,716"
2016-02-04,"2,616","1,712"
2016-02-05,"2,498","1,701"
2016-02-11,"2,658","1,694"
2016-02-12,"2,658","1,691"
2016-02-15,"2,658","1,692"
2016-02-16,"2,658","1,695"
2016-02-17,"2,658","1,749"
2016-02-18,"2,629","1,769"
2016-02-19,"2,613","1,778"
2016-02-22,"2,613","1,781"
2016-02-23,"2,571","1,786"
2016-02-24,"2,546","1,776"
2016-02-25,"2,546","1,775"
2016-02-26,"2,546","1,778"
02/29,"2,546","1,790"
2016-03-02,"2,523","1,783"
2016-03-03,"2,544","1,794"
2016-03-04,"2,544","1,792"
2016-03-07,"2,544","1,711"
2016-03-08,"2,650","1,723"
2016-03-09,"2,650","1,736"
2016-03-10,"2,651","1,765"
2016-03-11,"2,651","1,786"
2016-03-14,"2,560","1,820"
2016-03-15,"2,560","1,803"
2016-03-16,"2,560","1,779"
2016-03-17,"2,589","1,767"
2016-03-18,"2,589","1,766"
2016-03-21,"2,628","1,768"
2016-03-22,"2,524","1,765"
2016-03-23,"2,575","1,756"
2016-03-24,"2,548","1,744"
2016-03-25,"2,534","1,753"
2016-03-28,"2,534","1,757"
2016-03-29,"2,524","1,761"
2016-03-30,"2,534","1,759"
2016-03-31,"2,608","1,757"
2016-04-01,"2,608","1,755"
2016-04-04,"2,583","1,660"
2016-04-05,"2,553","1,665"
2016-04-06,"2,511","1,667"
2016-04-07,"2,571","1,665"
2016-04-08,"2,571","1,660"
2016-04-11,"2,468","1,641"
2016-04-12,"2,488","1,641"
2016-04-14,"2,520","1,654"
2016-04-15,"2,479","1,663"
2016-04-18,"2,513","1,675"
2016-04-19,"2,478","1,666"
2016-04-20,"2,451","1,664"
2016-04-21,"2,441","1,653"
2016-04-22,"2,335","1,646"
2016-04-25,"2,329","1,642"
2016-04-26,"2,233","1,658"
2016-04-27,"2,203","1,663"
2016-04-28,"1,866","1,664"
2016-04-29,"1,846","1,669"
2016-05-02,"1,784","1,675"
2016-05-03,"1,784","1,702"
2016-05-04,"1,784","1,699"
2016-05-09,"1,811","1,700"
2016-05-10,"1,854","1,706"
2016-05-11,"1,854","1,706"
2016-05-12,"1,729","1,707"
2016-05-13,"1,714","1,707"
2016-05-16,"1,699","1,711"
2016-05-17,"1,699","1,716"
2016-05-18,"1,699","1,718"
2016-05-19,"1,539","1,698"
2016-05-20,"1,476","1,681"
2016-05-23,"1,394","1,661"
2016-05-24,"1,394","1,638"
2016-05-25,"1,394","1,606"
2016-05-26,"1,423","1,612"
2016-05-27,"1,423","1,624"
2016-05-30,"1,400","1,641"
2016-05-31,"1,400","1,661"
2016-06-01,"1,439","1,667"
2016-06-02,"1,410","1,666"
2016-06-03,"1,385","1,666"
2016-06-07,"1,404","1,670"
2016-06-08,"1,404","1,675"
2016-06-09,"1,444","1,684"
2016-06-10,"1,450","1,693"
2016-06-13,"1,428","1,703"
2016-06-14,"1,428","1,719"
2016-06-15,"1,425","1,715"
2016-06-16,"1,471","1,702"
2016-06-17,"1,471","1,687"
2016-06-20,"1,474","1,670"
2016-06-21,"1,474","1,655"
2016-06-22,"1,515","1,671"
2016-06-23,"1,454","1,686"
2016-06-24,"1,454","1,704"
2016-06-27,"1,440","1,721"
2016-06-28,"1,468","1,763"
2016-06-29,"1,468","1,743"
2016-06-30,"1,436","1,735"
2016-07-01,"1,436","1,722"
2016-07-04,"1,469","1,714"
2016-07-05,"1,494","1,695"
2016-07-06,"1,494","1,714"
2016-07-07,"1,461","1,718"
2016-07-08,"1,461","1,727"
2016-07-11,"1,461","1,740"
2016-07-12,"1,420","1,745"
2016-07-13,"1,420","1,756"
2016-07-14,"1,420","1,781"
2016-07-15,"1,420","1,805"
2016-07-18,"1,391","1,824"
2016-07-19,"1,391","1,890"
2016-07-20,"1,391","1,892"
2016-07-21,"1,438","1,882"
2016-07-22,"1,425","1,892"
2016-07-25,"1,425","1,902"
2016-07-26,"1,425","1,909"
2016-07-27,"1,425","1,908"
2016-07-28,"1,431","1,890"
2016-07-29,"1,416","1,884"
2016-08-01,"1,433","1,873"
2016-08-02,"1,433","1,864"
2016-08-03,"1,441","1,860"
2016-08-04,"1,408","1,864"
2016-08-05,"1,374","1,877"
2016-08-08,"1,423","1,882"
2016-08-09,"1,423","1,889"
2016-08-10,"1,423","1,891"
2016-08-11,"1,461","1,409"
2016-08-12,"1,461","1,874"
2016-08-16,"1,495","1,869"
2016-08-17,"1,495","1,864"
2016-08-18,"1,458","1,864"
2016-08-19,"1,458","1,872"
2016-08-22,"1,406","1,876"
2016-08-23,"1,406","1,884"
2016-08-24,"1,406","1,885"
2016-08-25,"1,459","1,839"
2016-08-26,"1,459","1,809"
2016-08-29,"1,495","1,789"
2016-08-30,"1,495","1,766"
2016-08-31,"1,493","1,737"
2016-09-01,"1,503","1,722"
2016-09-02,"1,503","1,731"
2016-09-05,"1,503","1,747"
2016-09-06,"1,503","1,774"
2016-09-07,"1,515","1,790"
2016-09-08,"1,446","1,792"
2016-09-09,"1,446","1,777"
2016-09-12,"1,438","1,760"
2016-09-13,"1,438","1,733"
2016-09-19,"1,499","1,708"
2016-09-20,"1,499","1,716"
2016-09-21,"1,521","1,717"
2016-09-22,"1,579","1,751"
2016-09-23,"1,579","1,757"
2016-09-26,"1,579","1,824"
2016-09-27,"1,528","1,841"
2016-09-28,"1,579","1,716"
2016-09-29,"1,579","1,555"
2016-09-30,"1,579","1,508"
2016-10-04,"1,579","1,929"
2016-10-05,"1,579","2,116"
2016-10-06,"1,529","2,132"
2016-10-07,"1,529","2,153"
2016-10-10,"1,529","2,107"
2016-10-11,"1,529","2,049"
2016-10-12,"1,508","1,972"
2016-10-13,"1,544","1,967"
2016-10-14,"1,544","2,024"
2016-10-17,"1,588","1,714"
2016-10-18,"1,588","1,709"
2016-10-19,"1,588","2,156"
2016-10-20,"1,600","1,904"
2016-10-21,"1,614","1,929"
2016-10-24,"1,614","1,935"
2016-10-25,"1,614","1,943"
2016-10-26,"1,559","1,887"
2016-10-27,"1,559","1,859"
2016-10-28,"1,559","1,821"
2016-10-31,"1,614","1,799"
2016-11-01,"1,608","1,763"
2016-11-02,"1,608","1,704"
2016-11-03,"1,566","1,689"
2016-11-04,"1,566","1,678"
2016-11-07,"1,566","1,677"
2016-11-08,"1,566","1,671"
2016-11-09,"1,566","1,689"
2016-11-10,"1,564","1,686"
2016-11-11,"1,564","1,685"
2016-11-14,"1,599","1,687"
2016-11-15,"1,599","1,690"
2016-11-16,"1,638","1,690"
2016-11-17,"1,578","1,694"
2016-11-18,"1,578","1,702"
2016-11-21,"1,578","1,710"
2016-11-22,"1,578","1,726"
2016-11-23,"1,585","1,732"
2016-11-24,"1,600","1,740"
2016-11-25,"1,563","1,748"
2016-11-28,"1,563","1,758"
2016-11-29,"1,563","1,749"
2016-11-30,"1,660","1,744"
2016-12-01,"1,563","1,742"
2016-12-05,"1,563","1,738"
2016-12-06,"1,569","1,739"
2016-12-07,"1,569","1,758"
2016-12-08,"1,624","1,773"
2016-12-09,"1,624","1,772"
2016-12-12,"1,624","1,774"
2016-12-13,"1,735","1,773"
2016-12-14,"1,684","1,736"
2016-12-15,"1,668","1,715"
2016-12-16,"1,668","1,685"
2016-12-19,"1,668","1,669"
2016-12-20,"1,668","1,664"
2016-12-21,"1,668","1,684"
2016-12-22,"1,688","1,685"
2016-12-23,"1,688","1,681"
2016-12-26,"1,694","1,675"
2016-12-27,"1,750","1,672"
2016-12-28,"1,750","1,693"
2016-12-29,"1,694","1,699"
2016-12-30,"1,694","1,702"
2017-01-02,"1,694","1,703"
2017-01-03,"1,695","1,690"
2017-01-04,"1,695","1,698"
2017-01-05,"1,695","1,690"
2017-01-06,"1,695","1,695"
2017-01-09,"1,811","1,687"
2017-01-10,"1,874","1,687"
2017-01-11,"1,874","1,682"
2017-01-12,"1,944","1,685"
2017-01-13,"1,903","1,673"
2017-01-16,"2,000","1,677"
2017-01-17,"2,000","1,681"
2017-01-18,"2,000","1,662"
2017-01-19,"2,109","1,659"
2017-01-20,"2,146","1,665"
2017-01-23,"2,146","1,670"
2017-01-24,"2,168","1,666"
2017-01-25,"2,168","1,684"
2017-01-26,"2,168","1,687"
2017-01-31,"2,250","1,693"
2017-02-01,"2,284","1,693"
2017-02-02,"2,320","1,668"
2017-02-03,"2,320","1,663"
2017-02-06,"2,328","1,666"
2017-02-07,"2,328","1,676"
2017-02-08,"2,279","1,690"
2017-02-09,"2,295","1,752"
2017-02-10,"2,295","1,776"
2017-02-13,"2,295","1,795"
2017-02-14,"2,295","1,804"
2017-02-15,"2,295","1,800"
2017-02-16,"2,364","1,789"
2017-02-17,"2,364","1,773"
2017-02-20,"2,341","1,756"
2017-02-21,"2,425","1,738"
2017-02-22,"2,364","1,732"
2017-02-23,"2,393","1,721"
2017-02-24,"2,393","1,732"
2017-02-27,"2,418","1,732"
2017-02-28,"2,434","1,738"
2017-03-02,"2,229","1,740"
2017-03-03,"2,229","1,731"
2017-03-06,"2,229","1,729"
2017-03-07,"2,229","1,739"
2017-03-08,"2,229","1,743"
2017-03-09,"2,284","1,759"
2017-03-10,"2,284","1,780"
2017-03-13,"2,414","1,781"
2017-03-14,"2,414","1,777"
2017-03-15,"2,414","1,765"
2017-03-16,"2,493","1,762"
2017-03-17,"2,523","1,762"
2017-03-20,"2,295","1,768"
2017-03-21,"2,295","1,774"
2017-03-22,"2,295","1,776"
2017-03-23,"2,375","1,779"
2017-03-24,"2,375","1,775"
2017-03-27,"2,575","1,761"
2017-03-28,"2,529","1,769"
2017-03-29,"2,591","1,770"
2017-03-30,"2,659","1,770"
2017-03-31,"2,689","1,736"
2017-04-03,"2,795","1,725"
2017-04-04,"2,770","1,708"
2017-04-05,"2,770","1,706"
2017-04-06,"2,830","1,719"
2017-04-07,"2,681","1,756"
2017-04-10,"2,751","1,755"
2017-04-11,"2,801","1,753"
2017-04-12,"2,839","1,755"
2017-04-13,"2,684","1,750"
2017-04-14,"2,673","1,752"
2017-04-17,"2,622","1,753"
2017-04-18,"2,660","1,767"
2017-04-19,"2,681","1,774"
2017-04-20,"2,355","1,777"
2017-04-21,"2,355","1,809"
2017-04-24,"2,355","1,823"
2017-04-25,"2,318","1,832"
2017-04-26,"2,318","1,830"
2017-04-27,"2,124","1,828"
2017-04-28,"2,116","1,824"
2017-05-02,"2,073","1,823"
2017-05-04,"1,933","1,828"
2017-05-08,"1,875","1,836"
2017-05-10,"1,875","1,849"
2017-05-11,"2,015","1,875"
2017-05-12,"2,035","1,868"
2017-05-15,"1,920","1,856"
2017-05-16,"2,060","1,850"
2017-05-17,"2,060","1,817"
2017-05-18,"1,980","1,812"
2017-05-19,"1,980","1,820"
2017-05-22,"1,980","1,820"
2017-05-23,"1,980","1,823"
2017-05-24,"1,980","1,843"
2017-05-25,"2,141","1,839"
2017-05-26,"2,141","1,837"
2017-05-29,"2,141","1,844"
2017-05-30,"2,141","1,851"
2017-05-31,"2,141","1,873"
2017-06-01,"1,999","1,877"
2017-06-02,"1,999","1,885"
2017-06-05,"1,999","1,890"
2017-06-07,"1,999","1,891"
2017-06-08,"1,994","1,901"
2017-06-09,"1,994","1,904"
2017-06-12,"2,025","1,908"
2017-06-13,"1,998","1,910"
2017-06-14,"2,025","1,899"
2017-06-15,"1,977","1,877"
2017-06-16,"1,977","1,866"
2017-06-19,"1,977","1,853"
2017-06-20,"1,977","1,858"
2017-06-21,"1,977","1,859"
2017-06-22,"1,938","1,894"
2017-06-23,"1,913","1,919"
2017-06-26,"1,913","1,937"
2017-06-27,"1,913","1,931"
2017-06-28,"1,893","1,925"
2017-06-29,"1,823","1,886"
2017-06-30,"1,863","1,863"
2017-07-03,"1,880","1,838"
2017-07-04,"1,858","1,847"
2017-07-05,"1,858","1,849"
2017-07-06,"1,934","1,857"
2017-07-07,"1,810","1,860"
2017-07-10,"1,816","1,867"
2017-07-11,"1,816","1,890"
2017-07-12,"1,816","1,959"
2017-07-13,"1,784","1,959"
2017-07-14,"1,834","1,957"
2017-07-17,"1,834","1,941"
2017-07-18,"1,743","2,006"
2017-07-19,"1,743","2,020"
2017-07-20,"1,777","2,032"
2017-07-21,"1,777","2,040"
2017-07-24,"1,796","2,042"
2017-07-25,"1,796","2,021"
2017-07-26,"1,796","2,013"
2017-07-27,"1,924","2,008"
2017-07-28,"1,924","2,003"
2017-07-31,"1,908","1,993"
2017-08-01,"1,821","1,988"
2017-08-02,"1,821","1,994"
2017-08-03,"1,823","1,993"
2017-08-04,"1,804","1,992"
2017-08-07,"2,013","1,991"
2017-08-08,"2,013","1,977"
2017-08-09,"2,013","1,971"
2017-08-10,"1,909","1,961"
2017-08-11,"1,813","1,960"
2017-08-14,"1,813","1,960"
2017-08-16,"1,813","1,972"
2017-08-17,"1,821","1,986"
2017-08-18,"1,821","1,999"
2017-08-21,"1,983","2,010"
2017-08-22,"1,983","1,987"
2017-08-23,"1,983","1,970"
2017-08-24,"1,926","1,951"
2017-08-25,"1,951","1,943"
2017-08-28,"1,951","1,939"
2017-08-29,"1,951","1,915"
2017-08-30,"1,951","1,912"
2017-08-31,"2,025","1,915"
2017-09-01,"2,025","1,923"
2017-09-04,"2,050","1,929"
2017-09-05,"2,050","1,909"
2017-09-06,"2,050","1,907"
2017-09-07,"1,940","1,904"
2017-09-08,"1,956","1,902"
2017-09-11,"1,956","1,908"
2017-09-12,"1,948","1,953"
2017-09-13,"1,948","1,966"
2017-09-14,"1,955","1,975"
2017-09-15,"2,009","1,978"
2017-09-18,"2,009","1,889"
2017-09-19,"2,041","2,008"
2017-09-20,"1,884","1,945"
2017-09-21,"1,940","1,785"
2017-09-22,"1,940","1,715"
2017-09-25,"1,940","1,707"
2017-09-26,"1,940","1,852"
2017-09-27,"2,011","2,103"
2017-09-28,"2,054","2,419"
2017-09-29,"2,054","2,415"
2017-10-10,"2,105","2,403"
2017-10-11,"2,105","2,292"
2017-10-12,"2,125","2,298"
2017-10-13,"2,125","2,214"
2017-10-16,"2,125","2,205"
2017-10-17,"2,125","2,140"
2017-10-18,"2,125","1,910"
2017-10-19,"2,004","1,887"
2017-10-20,"2,004","2,338"
2017-10-23,"2,004","1,981"
2017-10-24,"2,016","1,987"
2017-10-25,"2,016","2,000"
2017-10-26,"2,153","1,997"
2017-10-27,"2,086","1,989"
2017-10-30,"2,086","1,973"
2017-10-31,"2,086","1,952"
2017-11-01,"2,086","1,919"
2017-11-02,"2,000","1,909"
2017-11-03,"2,049","1,822"
2017-11-06,"2,058","1,800"
2017-11-07,"2,058","1,799"
2017-11-08,"2,058","1,815"
2017-11-09,"2,156","1,815"
2017-11-10,"2,156","1,904"
2017-11-13,"2,156","1,889"
2017-11-14,"2,156","1,878"
2017-11-15,"2,156","1,867"
2017-11-16,"2,068","1,833"
2017-11-17,"1,929","1,828"
2017-11-20,"1,929","1,824"
2017-11-21,"1,929","1,823"
2017-11-22,"1,929","1,826"
2017-11-23,"2,148","1,829"
2017-11-24,"2,148","1,827"
2017-11-27,"2,086","1,823"
2017-11-28,"2,086","1,832"
2017-11-29,"2,086","1,836"
2017-11-30,"2,086","1,843"
2017-12-04,"2,086","1,844"
2017-12-05,"2,086","1,842"
2017-12-06,"2,086","1,823"
2017-12-07,"2,038","1,821"
2017-12-08,"2,038","1,816"
2017-12-11,"2,038","1,806"
2017-12-12,"2,038","1,809"
2017-12-13,"2,038","1,790"
2017-12-14,"2,041","1,767"
2017-12-15,"2,041","1,755"
2017-12-18,"2,041","1,727"
2017-12-19,"2,041","1,722"
2017-12-20,"2,146","1,729"
2017-12-21,"2,061","1,733"
2017-12-22,"2,061","1,727"
2017-12-26,"2,061","1,723"
2017-12-27,"2,061","1,716"
2017-12-28,"2,165","1,725"
2017-12-29,"2,130","1,720"
2018-01-02,"2,116","1,723"
2018-01-03,"2,116","1,729"
2018-01-04,"2,059","1,726"
2018-01-05,"2,016","1,754"
2018-01-08,"1,979","1,766"
2018-01-09,"1,979","1,782"
2018-01-10,"1,979","1,804"
2018-01-11,"1,979","1,806"
2018-01-12,"2,024","1,788"
2018-01-15,"2,040","1,774"
2018-01-16,"2,040","1,749"
2018-01-17,"2,040","1,714"
2018-01-18,"2,065","1,720"
2018-01-19,"2,065","1,719"
2018-01-22,"2,109","1,717"
2018-01-23,"2,109","1,715"
2018-01-24,"2,109","1,718"
2018-01-25,"2,049","1,714"
2018-01-26,"2,049","1,714"
2018-01-29,"2,049","1,717"
2018-01-30,"2,074","1,711"
2018-01-31,"2,074","1,722"
2018-02-01,"2,099","1,704"
2018-02-02,"2,099","1,702"
2018-02-05,"2,099","1,698"
2018-02-06,"2,099","1,697"
2018-02-07,"2,099","1,695"
2018-02-08,"2,148","1,762"
2018-02-09,"2,190","1,782"
2018-02-12,"2,056","1,810"
2018-02-13,"2,056","1,838"
2018-02-14,"2,031","1,847"
2018-02-19,"2,090","1,853"
2018-02-20,"2,090","1,857"
2018-02-21,"2,090","1,853"
2018-02-22,"2,085","1,845"
2018-02-23,"2,085","1,834"
2018-02-26,"2,035","1,791"
2018-02-27,"2,035","1,774"
2018-02-28,"2,035","1,765"
2018-03-02,"2,043","1,754"
2018-03-05,"2,026","1,757"
2018-03-06,"2,026","1,776"
2018-03-07,"2,018","1,778"
2018-03-08,"2,048","1,780"
2018-03-09,"2,048","1,784"
2018-03-12,"2,043","1,782"
2018-03-13,"2,043","1,811"
2018-03-14,"2,043","1,820"
2018-03-15,"2,049","1,853"
2018-03-16,"1,968","1,869"
2018-03-19,"2,065","1,881"
2018-03-20,"1,988","1,894"
2018-03-21,"1,988","1,883"
2018-03-22,"1,879","1,873"
2018-03-23,"1,879","1,863"
2018-03-26,"1,879","1,854"
2018-03-27,"1,879","1,854"
2018-03-28,"1,879","1,847"
2018-03-29,"1,860","1,835"
2018-03-30,"1,841","1,784"
2018-04-02,"1,841","1,796"
2018-04-03,"1,816","1,801"
2018-04-04,"1,804","1,787"
2018-04-05,"1,860","1,771"
2018-04-06,"1,838","1,756"
2018-04-09,"1,843","1,731"
2018-04-10,"1,730","1,723"
2018-04-11,"1,850","1,756"
2018-04-12,"1,795","1,766"
2018-04-13,"1,786","1,771"
2018-04-16,"1,786","1,774"
2018-04-17,"1,765","1,777"
2018-04-18,"1,800","1,771"
2018-04-19,"1,789","1,773"
2018-04-20,"1,840","1,771"
2018-04-23,"1,884","1,778"
2018-04-24,"1,884","1,786"
2018-04-25,"1,866","1,814"
2018-04-26,"1,936","1,830"
2018-04-27,"1,936","1,843"
2018-04-30,"1,899","1,857"
2018-05-02,"1,836","1,858"
2018-05-03,"1,819","1,847"
2018-05-04,"1,813","1,840"
2018-05-08,"1,900","1,835"
2018-05-09,"1,736","1,832"
2018-05-10,"1,745","1,831"
2018-05-11,"1,734","1,849"
2018-05-14,"1,683","1,862"
2018-05-15,"1,664","1,862"
2018-05-16,"1,651","1,857"
2018-05-17,"1,596","1,842"
2018-05-18,"1,596","1,833"
2018-05-21,"1,596","1,826"
2018-05-23,"1,586","1,829"
2018-05-24,"1,554","1,834"
2018-05-25,"1,546","1,862"
2018-05-28,"1,546","1,870"
2018-05-29,"1,546","1,874"
2018-05-30,"1,546","1,878"
2018-05-31,"1,578","1,879"
2018-06-01,"1,553","1,895"
2018-06-04,"1,553","1,895"
2018-06-05,"1,510","1,897"
2018-06-07,"1,603","1,903"
2018-06-08,"1,551","1,909"
2018-06-11,"1,551","1,926"
2018-06-12,"1,565","1,926"
2018-06-14,"1,606","1,932"
2018-06-15,"1,606","1,939"
2018-06-18,"1,606","1,906"
2018-06-19,"1,618","1,898"
2018-06-20,"1,609","1,887"
2018-06-21,"1,588","1,889"
2018-06-22,"1,566","1,909"
2018-06-25,"1,566","1,932"
2018-06-26,"1,566","1,967"
2018-06-27,"1,620","1,995"
2018-06-28,"1,574","2,015"
2018-06-29,"1,573","2,034"
2018-07-02,"1,573","2,014"
2018-07-03,"1,560","2,015"
2018-07-04,"1,573","2,016"
2018-07-05,"1,569","2,028"
2018-07-06,"1,617","2,040"
2018-07-09,"1,617","2,044"
2018-07-10,"1,617","2,051"
2018-07-11,"1,600","2,058"
2018-07-12,"1,649","2,076"
2018-07-13,"1,543","2,100"
2018-07-16,"1,568","2,112"
2018-07-17,"1,518","2,122"
2018-07-18,"1,518","2,133"
2018-07-19,"1,538","2,145"
2018-07-20,"1,538","2,204"
2018-07-23,"1,543","2,220"
2018-07-24,"1,543","2,228"
2018-07-25,"1,543","2,235"
2018-07-26,"1,518","2,236"
2018-07-27,"1,518","2,229"
2018-07-30,"1,518","2,239"
2018-07-31,"1,518","2,244"
2018-08-01,"1,518","2,266"
2018-08-02,"1,494","2,268"
2018-08-03,"1,525","2,273"
2018-08-06,"1,525","2,272"
2018-08-07,"1,525","2,272"
2018-08-08,"1,525","2,260"
2018-08-09,"1,526","2,246"
2018-08-10,"1,526","2,235"
2018-08-13,"1,474","2,225"
2018-08-14,"1,474","2,199"
2018-08-16,"1,436","2,199"
2018-08-17,"1,436","2,209"
2018-08-20,"1,436","2,222"
2018-08-21,"1,436","2,239"
2018-08-22,"1,436","2,257"
2018-08-23,"1,534","2,260"
2018-08-24,"1,534","2,269"
2018-08-27,"1,534","2,275"
2018-08-28,"1,534","2,264"
2018-08-29,"1,525","2,228"
2018-08-30,"1,563","2,210"
2018-08-31,"1,563","2,192"
2018-09-03,"1,540","2,173"
2018-09-04,"1,540","2,186"
2018-09-05,"1,540","2,204"
2018-09-06,"1,519","2,215"
2018-09-07,"1,519","2,236"
2018-09-10,"1,519","2,260"
2018-09-11,"1,477","2,280"
2018-09-12,"1,466","2,321"
2018-09-13,"1,515","2,340"
2018-09-14,"1,519","2,357"
2018-09-17,"1,574","2,372"
2018-09-18,"1,574","2,354"
2018-09-19,"1,574","2,511"
2018-09-20,"1,575","2,534"
2018-09-21,"1,533","2,516"
2018-09-27,"1,553","2,293"
2018-09-28,"1,553","2,409"
2018-10-01,"1,586","2,266"
2018-10-02,"1,611","2,239"
2018-10-04,"1,725","2,464"
2018-10-05,"1,725","2,639"
2018-10-08,"1,725","2,626"
2018-10-10,"1,725","2,410"
2018-10-11,"1,563","2,484"
2018-10-12,"1,563","2,473"
2018-10-15,"1,525","2,455"
2018-10-16,"1,525","2,327"
2018-10-17,"1,550","1,995"
2018-10-18,"1,583","1,855"
2018-10-19,"1,589","1,837"
2018-10-22,"1,589","1,821"
2018-10-23,"1,589","1,779"
2018-10-24,"1,589","1,785"
2018-10-25,"1,638","1,786"
2018-10-26,"1,638","1,760"
2018-10-29,"1,638","1,750"
2018-10-30,"1,638","1,732"
2018-10-31,"1,543","1,716"
2018-11-01,"1,636","1,695"
2018-11-02,"1,636","1,651"
2018-11-05,"1,651","1,637"
2018-11-06,"1,553","1,630"
2018-11-07,"1,653","1,617"
2018-11-08,"1,520","1,610"
2018-11-09,"1,520","1,596"
2018-11-12,"1,520","1,586"
2018-11-13,"1,613","1,560"
2018-11-14,"1,613","1,546"
2018-11-15,"1,579","1,537"
2018-11-16,"1,579","1,533"
2018-11-19,"1,567","1,516"
2018-11-20,"1,584","1,515"
2018-11-21,"1,584","1,520"
2018-11-22,"1,584","1,538"
2018-11-23,"1,584","1,544"
2018-11-26,"1,584","1,546"
2018-11-27,"1,560","1,551"
2018-11-28,"1,601","1,554"
2018-11-29,"1,540","1,560"
2018-11-30,"1,533","1,565"
2018-12-03,"1,586","1,566"
2018-12-04,"1,529","1,571"
2018-12-05,"1,529","1,570"
2018-12-06,"1,554","1,573"
2018-12-10,"1,554","1,582"
2018-12-11,"1,554","1,595"
2018-12-12,"1,554","1,597"
2018-12-13,"1,638","1,588"
2018-12-14,"1,638","1,594"
2018-12-17,"1,638","1,594"
2018-12-18,"1,638","1,584"
2018-12-19,"1,638","1,597"
2018-12-20,"1,616","1,588"
2018-12-21,"1,616","1,581"
2018-12-24,"1,616","1,583"
2018-12-26,"1,630","1,584"
2018-12-27,"1,639","1,578"
2018-12-28,"1,639","1,580"
2018-12-31,"1,639","1,560"
2019-01-02,"1,639","1,556"
2019-01-03,"1,616","1,549"
2019-01-04,"1,616","1,549"
2019-01-07,"1,616","1,546"
2019-01-08,"1,611","1,547"
2019-01-09,"1,611","1,550"
2019-01-10,"1,633","1,548"
2019-01-11,"1,633","1,554"
2019-01-14,"1,633","1,559"
2019-01-15,"1,616","1,568"
2019-01-16,"1,616","1,579"
2019-01-17,"1,600","1,586"
2019-01-18,"1,600","1,575"
2019-01-21,"1,533","1,567"
2019-01-22,"1,534","1,592"
2019-01-23,"1,534","1,594"
2019-01-24,"1,465","1,604"
2019-01-25,"1,465","1,611"
2019-01-28,"1,465","1,619"
2019-01-29,"1,465","1,612"
2019-01-30,"1,465","1,609"
2019-01-31,"1,534","1,602"
2019-02-01,"1,534","1,579"
2019-02-07,"1,595","1,579"
2019-02-08,"1,585","1,573"
2019-02-11,"1,585","1,581"
2019-02-12,"1,585","1,587"
2019-02-13,"1,560","1,600"
2019-02-14,"1,511","1,634"
2019-02-15,"1,511","1,637"
2019-02-18,"1,511","1,637"
2019-02-19,"1,511","1,644"
2019-02-20,"1,511","1,653"
2019-02-21,"1,371","1,664"
2019-02-22,"1,371","1,668"
2019-02-25,"1,371","1,665"
2019-02-26,"1,371","1,661"
2019-02-27,"1,371","1,655"
2019-02-28,"1,535","1,627"
2019-03-04,"1,535","1,620"
2019-03-05,"1,535","1,615"
2019-03-06,"1,535","1,653"
2019-03-07,"1,439","1,655"
2019-03-08,"1,404","1,659"
2019-03-11,"1,404","1,661"
2019-03-12,"1,404","1,664"
2019-03-13,"1,404","1,661"
2019-03-14,"1,503","1,670"
2019-03-15,"1,519","1,679"
2019-03-18,"1,458","1,689"
2019-03-19,"1,526","1,699"
2019-03-20,"1,526","1,709"
2019-03-21,"1,559","1,723"
2019-03-22,"1,559","1,738"
2019-03-25,"1,559","1,748"
2019-03-26,"1,589","1,772"
2019-03-27,"1,589","1,759"
2019-03-28,"1,503","1,744"
2019-03-29,"1,503","1,726"
2019-04-01,"1,493","1,713"
2019-04-02,"1,493","1,718"
2019-04-03,"1,493","1,718"
2019-04-04,"1,714","1,715"
2019-04-05,"1,568","1,829"
2019-04-08,"1,568","1,831"
2019-04-09,"1,568","1,826"
2019-04-10,"1,568","1,820"
2019-04-11,"1,568","1,822"
2019-04-12,"1,510","1,823"
2019-04-15,"1,510","1,814"
2019-04-16,"1,510","1,852"
2019-04-17,"1,510","1,860"
2019-04-18,"2,120","1,862"
2019-04-19,"2,107","1,862"
2019-04-22,"2,191","1,861"
2019-04-23,"2,183","1,839"
2019-04-24,"2,158","1,836"
2019-04-25,"2,074","1,840"
2019-04-26,"2,056","1,840"
2019-04-29,"2,056","1,855"
2019-04-30,"2,043","1,877"
2019-05-02,"2,008","1,886"
2019-05-03,"2,021","1,893"
2019-05-07,"2,045","1,890"
2019-05-08,"2,036","1,884"
2019-05-09,"1,944","1,840"
2019-05-10,"1,919","1,827"
2019-05-13,"1,909","1,820"
2019-05-14,"1,909","1,822"
2019-05-15,"1,938","1,829"
2019-05-16,"1,894","1,872"
2019-05-17,"1,894","1,880"
2019-05-20,"1,918","1,891"
2019-05-21,"1,918","1,893"
2019-05-22,"1,835","1,889"
2019-05-23,"1,820","1,876"
2019-05-24,"1,820","1,867"
2019-05-27,"1,886","1,853"
2019-05-28,"1,779","1,838"
2019-05-29,"1,766","1,854"
2019-05-30,"1,683","1,857"
2019-05-31,"1,683","1,866"
2019-06-03,"1,683","1,875"
2019-06-04,"1,670","1,882"
2019-06-05,"1,670","1,887"
2019-06-07,"1,600","1,896"
2019-06-10,"1,600","1,895"
2019-06-11,"1,600","1,897"
2019-06-12,"1,600","1,899"
2019-06-13,"1,581","1,901"
2019-06-14,"1,581","1,908"
2019-06-17,"1,581","1,904"
2019-06-18,"1,553","1,901"
2019-06-19,"1,553","1,886"
2019-06-20,"1,491","1,873"
2019-06-21,"1,491","1,863"
2019-06-24,"1,491","1,857"
2019-06-25,"1,420","1,870"
2019-06-26,"1,466","1,867"
2019-06-27,"1,410","1,876"
2019-06-28,"1,394","1,901"
2019-07-01,"1,469","1,920"
2019-07-02,"1,469","1,957"
2019-07-03,"1,469","1,965"
2019-07-04,"1,335","1,965"
2019-07-05,"1,335","1,978"
2019-07-08,"1,335","1,990"
2019-07-09,"1,335","2,009"
2019-07-10,"1,335","1,997"
2019-07-11,"1,369","1,987"
2019-07-12,"1,340","1,979"
2019-07-15,"1,320","1,979"
2019-07-16,"1,271","2,010"
2019-07-17,"1,271","2,026"
2019-07-18,"1,211","2,042"
2019-07-19,"1,205","2,052"
2019-07-22,"1,251","2,062"
2019-07-23,"1,251","2,134"
2019-07-24,"1,251","2,130"
2019-07-25,"1,249","2,112"
2019-07-26,"1,231","2,099"
2019-07-29,"1,231","2,089"
2019-07-30,"1,238","2,081"
2019-07-31,"1,231","2,084"
2019-08-01,"1,218","2,090"
2019-08-02,"1,218","2,084"
2019-08-05,"1,218","2,079"
2019-08-06,"1,218","2,079"
2019-08-07,"1,213","2,076"
2019-08-08,"1,278","2,078"
2019-08-09,"1,278","2,074"
2019-08-12,"1,278","2,064"
2019-08-13,"1,278","2,053"
2019-08-14,"1,278","2,010"
2019-08-16,"1,278","2,006"
2019-08-19,"1,296","2,007"
2019-08-20,"1,276","2,009"
2019-08-21,"1,296","2,017"
2019-08-22,"1,230","2,068"
2019-08-23,"1,230","2,073"
2019-08-26,"1,230","2,079"
2019-08-27,"1,230","2,080"
2019-08-28,"1,230","2,078"
2019-08-29,"1,329","2,044"
2019-08-30,"1,343","2,028"
2019-09-02,"1,366","2,001"
2019-09-03,"1,343","1,982"
2019-09-04,"1,338","1,955"
2019-09-05,"1,339","1,977"
2019-09-06,"1,339","1,972"
2019-09-09,"1,311","1,976"
2019-09-10,"1,339","1,985"
2019-09-11,"1,339","1,991"
2019-09-16,"1,339","1,982"
2019-09-17,"1,339","1,995"
2019-09-18,"1,339","2,013"
2019-09-19,"1,284","2,033"
2019-09-20,"1,284","2,049"
2019-09-23,"1,249","2,012"
2019-09-24,"1,249","1,949"
2019-09-25,"1,249","1,976"
2019-09-26,"1,290","1,959"
2019-09-27,"1,290","1,947"
2019-09-30,"1,290","2,112"
2019-10-01,"1,290","2,134"
2019-10-02,"1,290","2,081"
2019-10-04,"1,274","2,166"
2019-10-07,"1,223","2,134"
2019-10-08,"1,223","1,994"
2019-10-10,"1,314","1,944"
2019-10-11,"1,250","1,947"
2019-10-14,"1,250","1,936"
2019-10-15,"1,250","1,905"
2019-10-16,"1,250","1,866"
2019-10-17,"1,326","1,860"
2019-10-18,"1,326","1,888"
2019-10-21,"1,284","1,892"
2019-10-22,"1,268","1,887"
2019-10-23,"1,268","1,874"
2019-10-24,"1,275","1,834"
2019-10-25,"1,275","1,832"
2019-10-28,"1,275","1,826"
2019-10-29,"1,284","1,823"
2019-10-30,"1,284","1,811"
2019-10-31,"1,323","1,770"
2019-11-01,"1,323","1,738"
2019-11-04,"1,323","1,715"
2019-11-05,"1,323","1,694"
2019-11-06,"1,323","1,686"
2019-11-07,"1,343","1,646"
2019-11-08,"1,343","1,641"
2019-11-11,"1,343","1,636"
2019-11-12,"1,343","1,627"
2019-11-13,"1,343","1,619"
2019-11-14,"1,301","1,584"
2019-11-15,"1,301","1,582"
2019-11-18,"1,301","1,578"
2019-11-19,"1,301","1,573"
2019-11-20,"1,301","1,572"
2019-11-21,"1,310","1,580"
2019-11-22,"1,310","1,593"
2019-11-25,"1,349","1,595"
2019-11-26,"1,349","1,596"
2019-11-27,"1,349","1,597"
2019-11-28,"1,310","1,595"
2019-11-29,"1,310","1,597"
2019-12-02,"1,310","1,596"
2019-12-03,"1,285","1,600"
2019-12-04,"1,285","1,599"
2019-12-05,"1,301","1,586"
2019-12-09,"1,244","1,588"
2019-12-10,"1,278","1,592"
2019-12-11,"1,319","1,597"
2019-12-12,"1,395","1,607"
2019-12-13,"1,395","1,604"
2019-12-16,"1,398","1,607"
2019-12-17,"1,419","1,610"
2019-12-18,"1,419","1,606"
2019-12-19,"1,441","1,611"
2019-12-20,"1,441","1,606"
2019-12-23,"1,463","1,608"
2019-12-24,"1,463","1,608"
2019-12-26,"1,470","1,610"
2019-12-27,"1,460","1,613"
2019-12-30,"1,443","1,594"
2019-12-31,"1,443","1,581"
2020-01-02,"1,464","1,577"
2020-01-03,"1,464","1,569"
2020-01-06,"1,464","1,560"
2020-01-07,"1,464","1,553"
2020-01-08,"1,470","1,551"
2020-01-09,"1,530","1,555"
2020-01-10,"1,638","1,558"
2020-01-13,"1,661","1,554"
2020-01-14,"1,695","1,561"
2020-01-15,"1,695","1,564"
2020-01-16,"1,748","1,568"
2020-01-17,"1,743","1,578"
2020-01-20,"1,756","1,584"
2020-01-21,"1,768","1,570"
2020-01-22,"1,768","1,580"
2020-01-23,"1,740","1,584"
2020-01-28,"1,703","1,581"
2020-01-29,"1,703","1,584"
2020-01-30,"1,793","1,586"
2020-01-31,"1,760","1,591"
2020-02-03,"1,779","1,587"
2020-02-04,"1,779","1,586"
2020-02-05,"1,779","1,583"
2020-02-06,"1,808","1,577"
2020-02-07,"1,808","1,574"
2020-02-10,"1,808","1,568"
2020-02-11,"1,808","1,576"
2020-02-12,"1,808","1,601"
2020-02-13,"1,773","1,614"
2020-02-14,"1,773","1,634"
2020-02-17,"1,785","1,638"
2020-02-18,"1,785","1,638"
2020-02-19,"1,785","1,660"
2020-02-20,"1,835","1,665"
2020-02-21,"1,835","1,666"
2020-02-24,"1,863","1,670"
2020-02-25,"1,903","1,666"
2020-02-26,"2,005","1,642"
2020-02-27,"2,103","1,635"
2020-02-28,"2,120","1,625"
2020-03-02,"2,575","1,618"
2020-03-03,"2,575","1,613"
2020-03-04,"2,613","1,634"
2020-03-05,"2,663","1,643"
2020-03-06,"2,625","1,643"
2020-03-09,"2,598","1,645"
2020-03-10,"2,559","1,649"
2020-03-11,"2,546","1,651"
2020-03-12,"2,394","1,650"
2020-03-13,"2,424","1,657"
2020-03-16,"2,380","1,666"
2020-03-17,"2,421","1,676"
2020-03-18,"2,434","1,702"
2020-03-19,"2,443","1,702"
2020-03-20,"2,443","1,752"
2020-03-23,"2,428","1,763"
2020-03-24,"2,428","1,766"
2020-03-25,"2,428","1,754"
2020-03-26,"2,380","1,712"
2020-03-27,"2,380","1,707"
2020-03-30,"2,380","1,712"
2020-03-31,"2,374","1,716"
2020-04-01,"2,410","1,717"
2020-04-02,"2,410","1,722"
2020-04-03,"2,410","1,720"
2020-04-06,"2,361","1,718"
2020-04-07,"2,383","1,717"
2020-04-08,"2,403","1,722"
2020-04-09,"2,318","1,722"
2020-04-10,"2,318","1,749"
2020-04-13,"2,390","1,752"
2020-04-14,"2,405","1,752"
2020-04-16,"2,359","1,747"
2020-04-17,"2,339","1,745"
2020-04-20,"2,339","1,733"
2020-04-21,"2,339","1,734"
2020-04-22,"2,339","1,729"
2020-04-23,"2,379","1,731"
2020-04-24,"2,379","1,729"
2020-04-27,"2,338","1,753"
2020-04-28,"2,338","1,760"
2020-04-29,"2,338","1,765"
2020-05-04,"2,323","1,767"
2020-05-06,"2,235","1,756"
2020-05-07,"2,275","1,708"
2020-05-08,"2,220","1,704"
2020-05-11,"2,244","1,704"
2020-05-12,"2,203","1,711"
2020-05-13,"2,203","1,728"
2020-05-14,"2,248","1,755"
2020-05-15,"2,174","1,756"
2020-05-18,"2,248","1,751"
2020-05-19,"2,268","1,749"
2020-05-20,"2,268","1,743"
2020-05-21,"2,153","1,741"
2020-05-22,"2,133","1,739"
2020-05-25,"2,108","1,740"
2020-05-26,"2,120","1,737"
2020-05-27,"2,120","1,740"
2020-05-28,"2,126","1,746"
2020-05-29,"2,101","1,753"
2020-06-01,"2,170","1,761"
2020-06-02,"2,170","1,770"
2020-06-03,"2,170","1,783"
2020-06-04,"2,149","1,782"
2020-06-05,"2,149","1,788"
2020-06-08,"2,149","1,788"
2020-06-09,"2,149","1,789"
2020-06-10,"2,149","1,793"
2020-06-11,"2,061","1,797"
2020-06-12,"2,061","1,808"
2020-06-15,"2,061","1,811"
2020-06-16,"2,061","1,809"
2020-06-17,"2,061","1,807"
2020-06-18,"2,030","1,802"
2020-06-19,"2,030","1,797"
2020-06-22,"2,030","1,803"
2020-06-23,"2,030","1,807"
2020-06-24,"2,030","1,803"
2020-06-25,"1,985","1,804"
2020-06-26,"1,985","1,822"
2020-06-29,"1,985","1,869"
2020-06-30,"1,985","1,864"
2020-07-01,"1,985","1,854"
2020-07-02,"1,968","1,848"
2020-07-03,"1,968","1,854"
2020-07-06,"1,984","1,892"
2020-07-07,"1,984","1,903"
2020-07-08,"1,984","1,895"
2020-07-09,"1,996","1,894"
2020-07-10,"1,939","1,907"
2020-07-13,"1,996","1,907"
2020-07-14,"1,996","1,911"
2020-07-15,"1,996","1,928"
2020-07-16,"1,979","1,966"
2020-07-17,"1,964","1,978"
2020-07-20,"1,979","1,989"
2020-07-21,"1,979","2,000"
2020-07-22,"1,979","2,006"
2020-07-23,"1,926","2,002"
2020-07-24,"1,926","2,001"
2020-07-27,"1,926","1,990"
2020-07-28,"1,926","1,981"
2020-07-29,"1,926","1,975"
2020-07-30,"1,931","1,984"
2020-07-31,"1,944","1,990"
2020-08-03,"1,958","1,981"
2020-08-04,"1,966","1,976"
2020-08-05,"1,979","1,981"
2020-08-06,"1,964","1,976"
2020-08-07,"1,964","1,975"
2020-08-10,"1,964","1,972"
2020-08-11,"1,979","1,962"
2020-08-12,"1,979","1,951"
2020-08-13,"2,011","1,944"
2020-08-14,"2,011","1,932"
2020-08-18,"2,011","1,922"
2020-08-19,"2,011","1,926"
2020-08-20,"2,059","1,922"
2020-08-21,"2,059","1,937"
2020-08-24,"2,059","1,951"
2020-08-25,"2,059","1,961"
2020-08-26,"2,059","1,962"
2020-08-27,"1,996","1,967"
2020-08-28,"1,996","1,959"
2020-08-31,"1,996","1,961"
2020-09-01,"1,860","1,965"
2020-09-02,"1,880","1,965"
2020-09-03,"2,036","1,952"
2020-09-04,"2,041","1,952"
2020-09-07,"2,096","1,953"
2020-09-08,"2,053","1,958"
2020-09-09,"2,083","1,949"
2020-09-10,"2,175","1,948"
2020-09-11,"2,175","1,950"
2020-09-14,"2,134","1,954"
2020-09-15,"2,156","1,935"
2020-09-16,"2,130","1,959"
2020-09-17,"2,153","2,017"
2020-09-18,"2,161","1,989"
2020-09-21,"2,174","1,971"
2020-09-22,"2,174","1,934"
2020-09-23,"2,174","1,933"
2020-09-24,"2,218","1,962"
2020-09-25,"2,218","2,009"
2020-09-28,"2,259","2,025"
2020-09-29,"2,176","2,173"
2020-10-05,"2,164","2,133"
2020-10-06,"2,164","2,181"
2020-10-07,"2,164","2,150"
2020-10-08,"2,226","2,158"
2020-10-12,"2,226","2,133"
2020-10-13,"2,276","2,142"
2020-10-14,"2,276","2,027"
2020-10-15,"2,298","1,881"
2020-10-16,"2,298","1,948"
2020-10-19,"2,298","2,047"
2020-10-20,"2,298","2,022"
2020-10-21,"2,298","2,000"
2020-10-22,"2,298","1,990"
2020-10-23,"2,290","1,937"
2020-10-26,"2,311","1,917"
2020-10-27,"2,311","1,924"
2020-10-28,"2,311","1,921"
2020-10-29,"2,316","1,915"
2020-10-30,"2,316","1,887"
2020-11-02,"2,316","1,870"
2020-11-03,"2,316","1,837"
2020-11-04,"2,304","1,823"
2020-11-05,"2,178","1,810"
2020-11-06,"2,193","1,802"
2020-11-09,"2,193","1,798"
2020-11-10,"2,193","1,793"
2020-11-11,"2,193","1,788"
2020-11-12,"2,311","1,750"
2020-11-13,"2,311","1,743"
2020-11-16,"2,311","1,746"
2020-11-17,"2,311","1,748"
2020-11-18,"2,311","1,741"
2020-11-19,"2,311","1,736"
2020-11-20,"2,311","1,737"
2020-11-23,"2,311","1,738"
2020-11-24,"2,311","1,727"
2020-11-25,"2,311","1,716"
2020-11-26,"2,311","1,697"
2020-11-27,"2,311","1,697"
2020-11-30,"2,311","1,701"
2020-12-01,"2,311","1,706"
2020-12-02,"2,311","1,708"
2020-12-03,"2,311","1,696"
2020-12-07,"2,311","1,688"
2020-12-08,"2,311","1,679"
2020-12-09,"2,311","1,674"
2020-12-10,"2,364","1,670"
2020-12-11,"2,364","1,659"
2020-12-14,"2,364","1,656"
2020-12-15,"2,364","1,652"
2020-12-16,"2,364","1,647"
2020-12-17,"2,321","1,635"
2020-12-18,"2,321","1,636"
2020-12-21,"2,321","1,626"
2020-12-22,"2,321","1,620"
2020-12-23,"2,321","1,614"
2020-12-24,"2,221","1,610"
2020-12-28,"2,221","1,589"
2020-12-29,"2,221","1,591"
2020-12-30,"2,221","1,583"
2020-12-31,"2,290","1,579"
2021-01-04,"2,331","1,575"
2021-01-05,"2,300","1,567"
2021-01-06,"2,300","1,565"
2021-01-07,"2,360","1,571"
2021-01-08,"2,360","1,575"
2021-01-11,"2,397","1,577"
2021-01-12,"2,420","1,579"
2021-01-13,"2,469","1,577"
2021-01-14,"2,671","1,579"
2021-01-15,"2,671","1,582"
2021-01-18,"2,607","1,585"
2021-01-19,"2,797","1,570"
2021-01-20,"2,797","1,575"
2021-01-21,"3,091","1,582"
2021-01-22,"3,091","1,582"
2021-01-25,"3,124","1,581"
2021-01-26,"3,124","1,582"
2021-01-27,"3,124","1,590"
2021-01-28,"3,131","1,599"
2021-01-29,"3,176","1,595"
2021-02-01,"3,176","1,599"
2021-02-02,"3,176","1,581"
2021-02-03,"3,176","1,585"
2021-02-04,"3,171","1,585"
2021-02-05,"3,171","1,581"
2021-02-08,"3,171","1,603"
2021-02-09,"3,171","1,612"
2021-02-10,"3,171","1,623"
2021-02-15,"3,200","1,636"
2021-02-16,"3,200","1,635"
2021-02-17,"3,200","1,634"
2021-02-18,"3,221","1,639"
2021-02-19,"3,243","1,650"
2021-02-22,"3,290","1,653"
2021-02-23,"3,317","1,653"
2021-02-24,"3,317","1,648"
2021-02-25,"3,389","1,644"
2021-02-26,"3,386","1,643"
2021-03-02,"3,386","1,639"
2021-03-03,"3,386","1,637"
2021-03-04,"3,443","1,644"
2021-03-05,"3,443","1,648"
2021-03-08,"3,443","1,651"
2021-03-09,"3,443","1,648"
2021-03-10,"3,443","1,648"
2021-03-11,"3,506","1,667"
2021-03-12,"3,506","1,677"
2021-03-15,"3,506","1,697"
2021-03-16,"3,506","1,700"
2021-03-17,"3,506","1,699"
2021-03-18,"3,549","1,700"
2021-03-19,"3,549","1,710"
2021-03-22,"3,549","1,734"
2021-03-23,"3,549","1,736"
2021-03-24,"3,549","1,736"
2021-03-25,"3,523","1,728"
2021-03-26,"3,523","1,693"
2021-03-29,"3,444","1,690"
2021-03-30,"3,451","1,697"
2021-03-31,"3,403","1,703"
2021-04-01,"3,346","1,729"
2021-04-02,"3,346","1,727"
2021-04-05,"3,368","1,719"
2021-04-06,"3,368","1,718"
2021-04-07,"3,228","1,718"
2021-04-08,"3,078","1,725"
2021-04-09,"3,078","1,739"
2021-04-12,"3,117","1,751"
2021-04-13,"3,013","1,754"
2021-04-14,"2,909","1,754"
2021-04-15,"2,673","1,738"
2021-04-16,"2,640","1,741"
2021-04-19,"2,640","1,734"
2021-04-20,"2,559","1,736"
2021-04-21,"2,559","1,730"
2021-04-22,"2,441","1,742"
2021-04-23,"2,441","1,746"
2021-04-26,"2,441","1,755"
2021-04-27,"2,441","1,761"
2021-04-28,"2,417","1,766"
2021-04-29,"2,187","1,741"
2021-04-30,"2,163","1,723"
2021-05-03,"2,163","1,709"
2021-05-04,"2,163","1,706"
2021-05-06,"2,126","1,705"
2021-05-07,"2,126","1,736"
2021-05-10,"2,076","1,745"
2021-05-11,"2,076","1,756"
2021-05-12,"2,013","1,757"
2021-05-13,"2,013","1,752"
2021-05-14,"2,076","1,742"
2021-05-17,"2,044","1,740"
2021-05-18,"2,030","1,743"
2021-05-20,"1,914","1,741"
2021-05-21,"2,000","1,735"
2021-05-24,"2,000","1,736"
2021-05-25,"2,000","1,743"
2021-05-26,"1,950","1,751"
2021-05-27,"1,851","1,760"
2021-05-28,"1,853","1,781"
2021-05-31,"1,933","1,787"
2021-06-01,"1,933","1,783"
2021-06-02,"1,933","1,782"
2021-06-03,"1,877","1,788"
2021-06-04,"1,877","1,804"
2021-06-07,"1,877","1,809"
2021-06-08,"1,877","1,810"
2021-06-09,"1,877","1,810"
2021-06-10,"1,843","1,822"
2021-06-11,"1,843","1,822"
2021-06-14,"1,843","1,820"
2021-06-15,"1,843","1,818"
2021-06-16,"1,843","1,801"
2021-06-17,"1,850","1,805"
2021-06-18,"1,850","1,810"
2021-06-21,"1,850","1,816"
2021-06-22,"1,829","1,815"
2021-06-23,"1,829","1,867"
2021-06-24,"1,877","1,883"
2021-06-25,"1,877","1,893"
2021-06-28,"1,867","1,899"
2021-06-29,"1,829","1,895"
2021-06-30,"1,867","1,925"
2021-07-01,"1,889","1,937"
2021-07-02,"1,889","1,952"
2021-07-05,"1,889","1,967"
2021-07-06,"1,889","1,965"
2021-07-07,"1,889","1,968"
2021-07-08,"1,946","1,984"
2021-07-09,"1,946","1,985"
2021-07-12,"1,946","1,981"
2021-07-13,"1,946","1,982"
2021-07-14,"1,946","2,022"
2021-07-15,"1,960","2,030"
2021-07-16,"1,921","2,036"
2021-07-19,"1,874","2,050"
2021-07-20,"1,864","2,063"
2021-07-21,"1,864","2,088"
2021-07-22,"1,807","2,088"
2021-07-23,"1,807","2,087"
2021-07-26,"1,854","2,056"
2021-07-27,"1,854","2,059"
2021-07-28,"1,854","2,068"
2021-07-29,"1,821","2,078"
2021-07-30,"1,821","2,082"
2021-08-02,"1,821","2,106"
2021-08-03,"1,821","2,106"
2021-08-04,"1,821","2,116"
2021-08-05,"1,860","2,136"
2021-08-06,"1,850","2,151"
2021-08-09,"1,731","2,218"
2021-08-10,"1,741","2,232"
2021-08-11,"1,741","2,240"
2021-08-12,"1,766","2,244"
2021-08-13,"1,846","2,262"
2021-08-17,"1,846","2,277"
2021-08-18,"1,846","2,288"
2021-08-19,"1,934","2,287"
2021-08-20,"1,934","2,278"
2021-08-23,"1,934","2,258"
2021-08-24,"1,934","2,251"
2021-08-25,"1,934","2,255"
2021-08-26,"2,006","2,261"
2021-08-27,"1,996","2,264"
2021-08-30,"1,996","2,225"
2021-08-31,"1,996","2,236"
2021-09-01,"2,029","2,235"
2021-09-02,"2,029","2,234"
2021-09-03,"2,029","2,226"
2021-09-06,"2,029","2,230"
2021-09-07,"2,003","2,234"
2021-09-08,"2,003","2,240"
2021-09-09,"2,003","2,225"
2021-09-10,"2,003","2,234"
2021-09-13,"2,003","2,301"
2021-09-14,"2,003","2,268"
2021-09-15,"2,003","2,255"
2021-09-16,"2,061","2,222"
2021-09-17,"2,061","2,214"
2021-09-23,"2,061","2,165"
2021-09-24,"2,061","2,150"
2021-09-27,"2,074","2,154"
2021-09-28,"2,074","2,262"
2021-09-29,"2,074","2,279"
2021-09-30,"2,083","2,358"
2021-10-01,"2,083","2,277"
2021-10-05,"2,083","2,249"
2021-10-06,"2,083","2,257"
2021-10-07,"2,069","2,235"
2021-10-08,"1,964","2,173"
2021-10-12,"2,079","2,111"
2021-10-13,"2,079","2,110"
2021-10-14,"2,104","2,088"
2021-10-15,"2,026","2,079"
2021-10-18,"2,104","2,111"
2021-10-19,"2,104","2,103"
2021-10-20,"2,104","2,082"
2021-10-21,"2,104","2,057"
2021-10-22,"2,104","1,998"
2021-10-25,"2,104","1,985"
2021-10-26,"2,104","1,966"
2021-10-27,"2,104","1,977"
2021-10-28,"2,043","1,975"
2021-10-29,"2,043","1,974"
2021-11-01,"2,021","1,963"
2021-11-02,"1,939","1,964"
2021-11-03,"1,939","1,953"
2021-11-04,"1,977","1,951"
2021-11-05,"1,977","1,930"
2021-11-08,"1,977","1,928"
2021-11-09,"1,977","1,924"
2021-11-10,"1,977","1,916"
2021-11-11,"1,979","1,906"
2021-11-12,"1,979","1,866"
2021-11-15,"1,979","1,861"
2021-11-16,"1,979","1,866"
2021-11-17,"1,979","1,866"
2021-11-18,"2,023","1,846"
2021-11-19,"2,023","1,841"
2021-11-22,"2,023","1,836"
2021-11-23,"2,023","1,825"
2021-11-24,"2,023","1,796"
2021-11-25,"2,031","1,796"
2021-11-26,"2,031","1,799"
2021-11-29,"2,031","1,802"
2021-11-30,"2,031","1,802"
2021-12-01,"2,031","1,787"
2021-12-02,"2,041","1,778"
2021-12-06,"2,041","1,775"
2021-12-07,"2,041","1,772"
2021-12-08,"2,041","1,770"
2021-12-09,"2,030","1,769"
2021-12-10,"2,030","1,766"
2021-12-13,"2,030","1,765"
2021-12-14,"2,030","1,759"
2021-12-15,"2,030","1,755"
2021-12-16,"2,124","1,757"
2021-12-17,"2,046","1,749"
2021-12-20,"2,093","1,742"
2021-12-21,"2,093","1,741"
2021-12-22,"2,093","1,743"
2021-12-23,"2,093","1,728"
2021-12-24,"2,093","1,730"
2021-12-27,"2,079","1,733"
2021-12-28,"2,079","1,732"
2021-12-29,"2,079","1,729"
2021-12-30,"2,053","1,719"
2021-12-31,"2,053","1,712"
2022-01-03,"2,053","1,702"
2022-01-04,"2,053","1,699"
2022-01-05,"2,053","1,699"
2022-01-06,"2,079","1,698"
2022-01-07,"2,079","1,704"
2022-01-10,"2,063","1,704"
2022-01-11,"2,047","1,706"
2022-01-12,"2,047","1,707"
2022-01-13,"2,007","1,694"
2022-01-14,"2,007","1,687"
2022-01-17,"2,050","1,696"
2022-01-18,"2,050","1,704"
2022-01-19,"2,050","1,701"
2022-01-20,"2,050","1,694"
2022-01-21,"2,050","1,692"
2022-01-24,"2,030","1,691"
2022-01-25,"2,007","1,697"
2022-01-26,"2,007","1,691"
2022-01-27,"1,967","1,678"
2022-01-28,"1,920","1,690"
2022-02-03,"1,839","1,704"
2022-02-04,"1,901","1,711"
2022-02-07,"1,933","1,730"
2022-02-08,"1,933","1,738"
2022-02-09,"1,933","1,750"
2022-02-10,"2,033","1,760"
2022-02-11,"2,033","1,777"
2022-02-14,"1,944","1,776"
2022-02-15,"2,033","1,775"
2022-02-16,"2,033","1,774"
2022-02-17,"1,993","1,778"
2022-02-18,"1,993","1,777"
2022-02-21,"1,993","1,788"
2022-02-22,"1,851","1,789"
2022-02-23,"1,914","1,784"
2022-02-24,"1,966","1,785"
2022-02-25,"1,926","1,793"
2022-02-28,"1,926","1,797"
2022-03-02,"1,870","1,801"
2022-03-03,"1,950","1,800"
2022-03-04,"1,950","1,813"
2022-03-07,"1,950","1,816"
2022-03-08,"1,950","1,814"
2022-03-10,"1,871","1,810"
2022-03-11,"1,871","1,817"
2022-03-14,"1,871","1,838"
2022-03-15,"1,871","1,848"
2022-03-16,"1,911","1,849"
2022-03-17,"1,807","1,849"
2022-03-18,"1,744","1,848"
2022-03-21,"1,751","1,881"
2022-03-22,"1,751","1,888"
2022-03-23,"1,714","1,887"
2022-03-24,"1,849","1,890"
2022-03-25,"1,849","1,860"
2022-03-28,"1,863","1,849"
2022-03-29,"1,863","1,842"
2022-03-30,"1,849","1,854"
2022-03-31,"1,917","1,861"
2022-04-01,"1,917","1,716"
2022-04-04,"1,840","1,725"
2022-04-05,"1,847","1,730"
2022-04-06,"1,847","1,727"
2022-04-07,"1,846","1,729"
2022-04-08,"1,823","1,747"
2022-04-11,"1,963","1,751"
2022-04-12,"1,963","1,758"
2022-04-13,"1,926","1,759"
2022-04-14,"1,743","1,754"
2022-04-15,"1,743","1,756"
2022-04-18,"1,870","1,749"
2022-04-19,"1,911","1,746"
2022-04-20,"1,808","1,738"
2022-04-21,"1,903","1,731"
2022-04-22,"1,903","1,697"
2022-04-25,"1,923","1,699"
2022-04-26,"1,917","1,702"
2022-04-27,"1,917","1,712"
2022-04-28,"1,957","1,725"
2022-04-29,"1,957","1,740"
2022-05-02,"1,943","1,724"
2022-05-03,"1,934","1,705"
2022-05-04,"1,934","1,691"
2022-05-06,"1,963","1,688"
2022-05-09,"1,943","1,712"
2022-05-10,"1,943","1,723"
2022-05-11,"1,957","1,736"
2022-05-12,"1,884","1,746"
2022-05-13,"1,884","1,746"
2022-05-16,"1,921","1,737"
2022-05-17,"1,921","1,733"
2022-05-18,"1,921","1,729"
2022-05-19,"1,881","1,731"
2022-05-20,"1,881","1,718"
2022-05-23,"1,827","1,720"
2022-05-24,"1,827","1,724"
2022-05-25,"1,827","1,733"
2022-05-26,"1,817","1,743"
2022-05-27,"1,827","1,772"
2022-05-30,"1,817","1,779"
2022-05-31,"1,817","1,782"
2022-06-02,"1,871","1,776"
2022-06-03,"1,871","1,772"
2022-06-07,"1,900","1,782"
2022-06-08,"1,941","1,786"
2022-06-09,"2,174","1,781"
2022-06-10,"2,164","1,778"
2022-06-13,"2,173","1,772"
2022-06-14,"2,140","1,777"
2022-06-15,"2,044","1,778"
2022-06-16,"2,243","1,777"
2022-06-17,"2,216","1,777"
2022-06-20,"2,214","1,781"
2022-06-21,"2,214","1,785"
2022-06-22,"2,273","1,784"
2022-06-23,"2,373","1,788"
2022-06-24,"2,487","1,797"
2022-06-27,"2,487","1,803"
2022-06-28,"2,487","1,827"
2022-06-29,"2,517","1,849"
2022-06-30,"2,529","1,866"
2022-07-01,"2,371","1,878"
2022-07-04,"2,436","1,885"
2022-07-05,"2,543","1,915"
2022-07-06,"2,543","1,939"
2022-07-07,"2,611","1,961"
2022-07-08,"2,586","1,978"
2022-07-11,"2,611","1,985"
2022-07-12,"2,456","1,979"
2022-07-13,"2,456","1,982"
2022-07-14,"2,423","1,989"
2022-07-15,"2,423","1,989"
2022-07-18,"2,423","1,993"
2022-07-19,"2,423","2,054"
2022-07-20,"2,537","2,059"
2022-07-21,"2,434","2,070"
2022-07-22,"2,434","2,072"
2022-07-25,"2,296","2,072"
2022-07-26,"2,534","2,070"
2022-07-27,"2,534","2,067"
2022-07-28,"2,467","2,035"
2022-07-29,"2,486","2,038"
2022-08-01,"2,557","2,041"
2022-08-02,"2,557","2,051"
2022-08-03,"2,557","2,060"
2022-08-04,"2,467","2,085"
2022-08-05,"2,467","2,088"
2022-08-08,"2,467","2,089"
2022-08-09,"2,467","2,097"
2022-08-10,"2,467","2,117"
2022-08-11,"2,423","2,193"
2022-08-12,"2,423","2,220"
2022-08-16,"2,426","2,244"
2022-08-17,"2,426","2,263"
2022-08-18,"2,466","2,269"
2022-08-19,"2,466","2,274"
2022-08-22,"2,466","2,281"
2022-08-23,"2,496","2,276"
2022-08-24,"2,496","2,256"
2022-08-25,"2,466","2,273"
2022-08-26,"2,513","2,264"
2022-08-29,"2,513","2,258"
2022-08-30,"2,513","2,258"
2022-08-31,"2,513","2,229"
2022-09-01,"2,541","2,207"
2022-09-02,"2,541","2,218"
2022-09-05,"2,541","2,224"
2022-09-06,"2,541","2,232"
2022-09-07,"2,541","2,247"
2022-09-08,"2,541","2,256"
2022-09-13,"2,496","2,262"
2022-09-14,"2,496","2,272"
2022-09-15,"2,570","2,221"
2022-09-16,"2,570","2,319"
2022-09-19,"2,570","2,319"
2022-09-20,"2,570","2,324"
2022-09-21,"2,659","2,319"
2022-09-22,"2,630","2,314"
2022-09-23,"2,601","2,274"
2022-09-26,"2,601","2,265"
2022-09-27,"2,601","2,217"
2022-09-28,"2,601","2,292"
2022-09-29,"2,480","2,287"
2022-09-30,"2,480","2,413"
2022-10-04,"2,480","2,253"
2022-10-05,"2,480","2,226"
2022-10-06,"2,489","2,212"
2022-10-07,"2,497","2,198"
2022-10-11,"2,536","2,190"
2022-10-12,"2,536","2,227"
2022-10-13,"2,464","2,188"
2022-10-14,"2,479","2,165"
2022-10-17,"2,514","2,143"
